,0,1,2,3,4
0,조말론 포피 앤 바알리 코롱,조말론,"보리수의 달콤함 위로 블랙커런트 이슬이 스며드는 양귀비, 한 폭의 낭만을 완성짓는 향기","83,800원 21.7% 할인",4.9
1,몽클레르 뿌르 옴므 오 드 퍼퓸,몽클레르,"사이프러스의 시원한 상록수잎과 시더우드가 만나 퍼지는, 겨울 한기를 품은 자연의 향기","110,000원 8.3% 할인",0.0
2,에르메스 르 자르뎅 드 무슈리 오 드 뚜왈렛,에르메스,"호숫가 젖은 돌 틈새로 퍼지는 이슬 맺힌 풀 내음, 그 사이에 아로새겨진 금귤의 상큼함","110,000원 9.1% 할인",0.0
3,아쿠아 디 파르마 미르토 디 파나레아 오 드 뚜왈렛,아쿠아 디 파르마,"청량한 비누향수의 대명사, 아쿠아 디 파르마 베스트셀러","73,000원 30.5% 할인",4.8
4,딥디크 오카피탈 오 드 퍼퓸 75ml,딥티크,"가시돋힌 장미의 줄기를 타고 흘러내리는 파츌리, 장미의 이면을 드러낸 독보적인 분위기의 향","191,800원 18.4% 할인",5.0
5,키에린 뉴욕 로즈 잉크 오 드 퍼퓸 스프레이,키에린 뉴욕,"시더우드와 샤프란 사이, 흩날리는 장미 꽃잎의 생경함","54,000원 44.9% 할인",0.0
6,키에린 뉴욕 샹탈 스카이 오 드 퍼퓸 스프레이,키에린 뉴욕,"샌달우드와 베티버가 선사하는, 자유로운 뉴요커의 하루 한 조각","54,000원 44.9% 할인",0.0
7,키에린 뉴욕 니트로 느와 오 드 퍼퓸 스프레이,키에린 뉴욕,"시프레와 구르몽이 초대하는, 향긋함이 감도는 뉴욕 도심의 풍경","145,000원 19.4% 할인",0.0
8,키에린 뉴욕 10am 플러트 오 드 퍼퓸 스프레이,키에린 뉴욕,"캐시미어 우드와 샌달우드가 전하는, 조화롭고 풍부한 뉴욕 도심 속 자연의 향취","145,000원 19.4% 할인",0.0
9,키에린 뉴욕 디스커버리 세트 4종 오 드 퍼퓸 스프레이,키에린 뉴욕,"뉴욕의 정취를 가득 담아, 키에린 뉴욕이 선보이는 4종 4색 향기 모음","45,000원 22.4% 할인",0.0
10,조말론 우드 세이지 앤 씨솔트 코롱,조말론,허브나무의 잔잔한 담백함이 모던하게 퍼지는 편안한 향기,"87,800원 17.9% 할인",4.8
11,조말론 블랙베리 앤 베이 코롱,조말론,유기농으로 키운 블랙베리의 건강한 맛을 그대로 재현한 베스트셀러,"83,800원 21.7% 할인",4.8
12,조말론 피그 앤 로터스 플라워 코롱,조말론,"단비가 그친 후, 흙과 무화과 잎이 함께 어우러져 한 폭의 풍경화가 되는 자연의 향기","87,800원 17.9% 할인",4.9
13,조말론 바질 앤 네롤리 코롱,조말론,"기분까지 상쾌해지는 그리너리한 바질, 조말론의 숨겨진 녹색 비누 향기","87,800원 17.9% 할인",4.8
14,조말론 154 코롱,조말론,"여유가 흐르는 런던의 베티버 나무, 만다린과 자몽의 산뜻함이 저절로 호감가게 만드는 남성의 정석","87,800원 17.9% 할인",5.0
15,조말론 라임 바질 앤 만다린 코롱,조말론,풋풋한 느낌의 라임과 바질이 어울린 깨끗하고 청량한 향기,"87,800원 17.9% 할인",4.8
16,톰포드 화이트 스웨이드 오 드 퍼퓸 50ml,톰포드,"한뼘 사이의 숨소리, 서로를 바라보는 눈빛의 기류를 닮은 머스크 향기","260,000원 28.8% 할인",4.9
17,조말론 다크 앰버 앤 진저 릴리 코롱 인텐스,조말론,"성별 무관, 시간을 느리게 흐르게 만드는 몽환적인 달콤함","185,000원 11.9% 할인",4.7
18,에르메스 보야지 데르메스 오 드 뚜왈렛,에르메스,"레몬과 홍차가 섞여 가을 낙엽이 떨어지는 듯, 우수에 젖은 분위기가 멋지게 연출된 가을 향기","145,000원 18.5% 할인",4.8
19,딥디크 오듀엘르 오 드 퍼퓸 75ml,딥티크,따뜻한 햇살이 내려앉는 마당의 흙과 나무 그리고 바닐라가 어우러진 아늑한 향기,"196,500원 16.4% 할인",5.0
20,디올 옴므 코롱,디올,포카리 스웨트처럼 청량하고 깔끔한 공용 향수,"102,500원 21.2% 할인",4.8
21,반클리프 앤 아펠 네롤리 아마라 오 드 퍼퓸,반클리프 앤 아펠,"티 없는 가을 하늘의 청량한 달콤함이 나리는, 네롤리와 잔잔한 우디가 선사하는 산뜻함","187,000원 5.6% 할인",5.0
22,딥디크 롬브로단로 오 드 퍼퓸 75ml,딥티크,"새벽이슬과 고고한 밀담을 나누는 로즈,블랙커런트의 쌀쌀함","196,500원 16.4% 할인",4.8
23,아쿠아 디 파르마 베르가못 디 칼라브리아 오 드 뚜왈렛,아쿠아 디 파르마,라벤더 정원에서 피어 있는 풋 사과에서 날것 같은 산뜻한 비누향기,"104,000원 5.5% 할인",4.8
24,아쿠아 디 파르마 치노또 디 리구리아 75/150ml,아쿠아 디 파르마,이태리 남부의 따스한 햇살같은 시트러스가 마음을 어루만지는 평온함,"83,800원 45.9% 할인",4.3
25,샤넬 레조 드 파리 도빌 오 드 뚜왈렛 50ml,샤넬,"올여름, 가장 청량한 잔디에서 쉬는 듯한 편안함","124,000원 4.6% 할인",4.9
26,불가리 쁘띠마망 오 드 뚜왈렛,불가리,"아이와 엄마가 그려지는 귀엽고 포근한, 사랑스러움을 담은 베이비 파우더 향기","65,000원 18.8% 할인",0.0
27,샤넬 레조 드 파리 비아리츠 오 드 뚜왈렛 50ml,샤넬,제주도의 편안한 온도와 분위기를 닮은 귤 내음,"124,000원 4.6% 할인",4.8
28,톰포드 만다리노 디 아말피 오 드 퍼퓸,톰포드,아말피산 만다린이 지중해 파도 거품으로 녹아드는 순간을 담은 싱그러움,"295,000원 19.2% 할인",0.0
29,돌체앤가바나 라이트블루 오 인텐스 25/50/100ml,돌체앤가바나,기존의 돌체 라이트블루를 능가하는 완성된 상큼함,"53,000원 24.3% 할인",4.9
30,산타마리아노벨라 포푸리 오 드 코롱 100ml,산타마리아노벨라,"마르지 않은 땅 위 텐트를 친 야영, 다양한 나무냄새와 진한 허브가 아로마틱하게 퍼지는 밤","152,000원 22.1% 할인",5.0
31,로에베 001 우먼 오 드 뚜왈렛 30/50ml,로에베,"로에베 특유의 서정적 우디 내음이 잘 표현된, 바닐라-코코넛의 분분한 낙화의 향기","72,000원 24.2% 할인",4.8
32,에르메스 운 자르뎅 수르닐 오 드 뚜왈렛,에르메스,맑은 정원의 연꽃이 생각나는 은은하고 투명한 향기,"64,000원 20.0% 할인",4.8
33,세르주루텐 라 휘드 베흘랑 오 드 퍼퓸,세르주루텐,"고혹적으로 부서지는 붉은 장미, 세르주루텐 특유의 서늘한 감성이 녹아난 베스트셀러","130,000원 36.6% 할인",4.8
34,딥디크 탐다오 오 드 뚜왈렛,딥티크,내 마음을 달래주는 가장 편한 우디 향기,"128,000원 10.5% 할인",4.9
35,딥디크 오에도 오 드 뚜왈렛 50ml,딥티크,껍질이 두꺼운 두터운 자몽과 오렌지의 쌉싸름한 상큼함,"128,000원 10.5% 할인",4.8
36,메종 마르지엘라 위스퍼 인 더 라이브러리,메종 마르지엘라,해리포터 도서관이 연상되는 웅장하고 부드러운 나무와 통카빈향기,"145,000원 17.1% 할인",4.7
37,세르주루텐 로흐플린 오 드 퍼퓸,세르주루텐,도시의 잿빛을 닮은 숨결이 인센스처럼 퍼지는 오리엔탈 - 머스크 내음,"174,500원 14.9% 할인",5.0
38,메종 마르지엘라 마차 메디테이션,메종 마르지엘라,"동양적인 무드의 말차라떼, 그 달콤함이 오렌지 플라워에 차분히 스미는 정갈함","80,900원 9.1% 할인",5.0
39,르페르소나 LP02 피콕 페더 오 드 퍼퓸,르페르소나,"바닷가 선베드에 누워 만끽하는 여름휴가, 타오르는 햇빛 사이로 산뜻하게 퍼지는 라임과 코코넛","104,000원",5.0
40,르페르소나 LP04 골든 젬 오 드 퍼퓸,르페르소나,"잊을 수 없는 무도회의 한 장면, 달콤한 바닐라와 무화과가 깊은 인상을 남기고 유유히 사라지는 순간의 향기","104,000원",4.0
41,르페르소나 LP03 우든 페이스 오 드 퍼퓸,르페르소나,"거칠고 각진 나무토막의 표면을 매끄럽고 둥글게 조각하듯, 마음까지 감싸 안아주는 산뜻하고 편안한 나무냄새","104,000원",4.5
42,톰포드 로스트 체리 오 드 퍼퓸,톰포드,"몸을 한껏 달아오르게 하는 통카빈과 대단히 뇌쇄적인 체리, 이 밤을 더욱 길고 짙게 만드는 유혹","365,000원 22.3% 할인",5.0
43,프라고나르 에뚜알 30-200ml,프라고나르,"미세먼지 없이, 날씨까지 완벽한 주말처럼 상쾌한 달콤함이 가득한 풋사과 정원의 향기","71,500원 10.6% 할인",4.9
44,세르주루텐 상탈 마제스퀼 오 드 퍼퓸,세르주루텐,샌달 우드의 숨겨진 마스터피스- 샌달 나무의 하얀 속살을 인센스 향기가 감싸안는 신비로움,"174,500원 14.9% 할인",5.0
45,바이레도 벨벳 헤이즈 오 드 퍼퓸,바이레도,"조용한 벤치, 으깨지는 코코넛을 바라보는 순간 깊은 감회에 잠기게 만드는 향기","197,000원 17.9% 할인",5.0
46,바이레도 일레븐스 아워 오 드 퍼퓸,,"바이레도 한정판, 신비한 향신료와 술의 달큰함이 끼쳐오는 이국적인 오리엔탈풍 향기","197,000원 13.6% 할인",0.0
47,프로소디 런던 리솜 린든 오 드 퍼퓸 50ml,프로소디 런던,호수에 뛰어든 멜론의 달콤함이 연두빛 물안개를 피워내는 상큼함,"134,000원 15.2% 할인",5.0
48,조말론 오렌지 블로썸 코롱,조말론,영국시골 오렌지 농장에서 이슬을 맞은채 굴러다니는 오렌지 껍질향기,"81,800원 23.6% 할인",4.8
49,조말론 인센스 앤 세드라 코롱 인텐스,조말론,"삭막한 초원에 단비가 그치고 난 뒤, 슴슴하게 올라오는 마른 풀들과 나무들의 아로마틱한 산뜻함","158,000원 24.8% 할인",4.0
50,톰포드 베네시안 베르가못 오 드 퍼퓸,톰포드,"고급스러운 스웨이드 질감의 앰버가 야경으로 깔린 밤, 지적인 가드니아와 베르가못이 연출하는 도시의 밤 향기","305,000원 16.4% 할인",0.0
51,르라보 상탈 33 오 드 퍼퓸 50ml,르라보,짙은 고동나무와 푸릇한 파피루스가 울창하게 심어져 있는 오스트레일리아의 숲속,"220,000원 21.4% 할인",4.9
52,르라보 어나더 13 오 드 퍼퓸 50ml,르라보,바닐라와 동물적인 암브레트 씨드에서 주는 우디한 살내음,"220,000원 21.4% 할인",5.0
53,딥디크 오듀엘르 오 드 뚜왈렛 50/100ml,딥티크,따뜻한 햇살이 내려앉는 마당의 흙과 나무 그리고 바닐라가 어우러진 아늑한 향기,"128,000원 10.5% 할인",4.8
54,딥디크 로드네롤리 오 드 뚜왈렛 100ml,딥티크,밝은 햇살을 머금은 비터 오렌지가 싱그럽게 흔들리는 네롤리의 푸른 잎사귀에 스며드는 순간,"175,000원 12.1% 할인",5.0
55,불리 오 트리쁠 포레드 코미 75ml,불리 1803,"겨울 끝무렵, 한기가 닿은 쌉싸래한 풀내음이 가득 담긴 숲의 향기","170,000원 17.1% 할인",0.0
56,프라고나르 플러도랑지,프라고나르,"오후 6시의 석양이 오렌지 꽃에 닿았을 때, 딱 그 온기만큼 편안하게 퍼지는 자연의 향기","71,500원 10.6% 할인",5.0
57,아쿠아 디 파르마 아란치아 디 카프리 오 드 뚜왈렛,아쿠아 디 파르마,지중해 햇살에 산뜻함을 터트린 천혜향을 닮은 오렌지 비누향기,"58,000원 44.8% 할인",4.9
58,아쿠아 디 파르마 피코 디 아말피 오 드 뚜왈렛,아쿠아 디 파르마,이탈리아 포지타노의 청량함이 연상되는 깨끗하고 청정한 무화과의 아삭함,"65,000원 38.1% 할인",4.9
59,에르메스 운 자르뎅 수르뜨와 오 드 뚜왈렛,에르메스,"싱그러움과 거친 자연의 모습이 그대로 담긴, 에르메스 본사 꼭대기의 정원 향기","80,000원 3.6% 할인",4.8
60,메모 케두 오드퍼퓸 75ml,메모,노곤하고 따뜻한 들깨가루 오일의 깊고 에센셜한 향기,"263,000원 24.9% 할인",5.0
61,더 디퍼런트 컴퍼니 수블림 발키스 오 드 퍼퓸,더 디퍼런트 컴퍼니,비오는날 정원의 흙바닥에서 고고하게 있는 생장미와 블랙커런트의 향기,"168,000원 16.0% 할인",4.6
62,메모 오리엔탈 레더 오 드 퍼퓸 75ml,메모,"라벤더 빛 물안개, 흔들리는 바람에 피어난 장미 뒤로 밤하늘을 가득 수놓는 파츌리의 수수한 내음","263,000원 24.9% 할인",5.0
63,불리 오 트리쁠 베르켄 오렌지 블라썸 75ml,불리 1803,"갓 따낸 오렌지 나무 잎사귀에 레몬즙을 뿌린듯, 무더운 여름날 단비 같이 싱그런 오렌지 꽃망울","170,000원 17.1% 할인",0.0
64,오리베 데저트랜드 오 드 퍼퓸 75ml,오리베,"소나무의 청량함이 건조하게 피어나는 곳, 사막. 그 담담함에 대한 향기","128,870원 23.7% 할인",0.0
65,오리베 코트 다쥐르 오 드 퍼퓸 75ml,오리베,"청량한 레몬이 시클라멘 꽃 위에 누워 파도를 타듯, 일렁이는 햇살 속에 젖어드는 낭만의 향기","128,870원 23.7% 할인",4.5
66,톰포드 블랙 오키드 오 드 퍼퓸 50ml,톰포드,"톰포드 베스트셀러, 럼에 담긴 플럼의 다크한 보랏빛이 연출하는 퇴폐적인 관능미","160,000원 17.9% 할인",4.9
67,톰포드 로즈프릭 오 드 퍼퓸 50ml,톰포드,"장미의 이중성, 퇴폐미와 외로움을 그린 향기","305,000원 35.1% 할인",5.0
68,불가리 오 파퓨메 오떼블랑 오드 코롱,불가리,"고요한 새벽안개 길의 끝에서 이슬과 함께 느껴질 법한 화이트 티의 정수, 깨끗함의 정점","119,000원 14.4% 할인",4.5
69,에르메스 운 자르뎅 아프레 라 무쏭 오 드 뚜왈렛,에르메스,"갑자기 내린 여우비에, 촉촉한 꽃내음과 물내음 섞인 메론향기가 피어났던 한적한 프랑스 정원","145,000원 17.1% 할인",0.0
70,프레데릭 말 제라늄 뿌르 무슈 50ml,프레데릭말,"비가 그친 제라늄 숲 속, 낮게 깔린 안개가 연출하는 신비로움","224,500원 19.2% 할인",5.0
71,구찌 알케미스트 가든 문라이트 세레나데 오 드 퍼퓸 150ml,구찌,"시원한 라벤더 바람과 함께 내 귓등을 타고 흐르는 청량함, 세이지와 라벤더의 여름날 향기","289,000원 8.0% 할인",0.0
72,펜할리곤스 베스트셀러 디스커버리 세트,펜할리곤스,펜할리곤스 베스트 & 스테디셀러 10종으로 구성된 디스커버리 패키지,"49,000원 21.0% 할인",5.0
73,돌체앤가바나 라이트 블루 25/50/100ml,돌체앤가바나,"청량한 하늘같은 비누, 뽀송한 향기","52,000원 21.2% 할인",4.8
74,오리베 프래그런스 디스커버리 세트,오리베,"청량하게 부서지는 넓은 확산력, 오리베를 경험하기 좋은 3종 디스커버리 세트","29,700원 10.0% 할인",5.0
75,샤보 루비에르 드 베니스 오 드 퍼퓸 30ml,샤보,톤 다운된 메이크업이 잘 어울리는 시크하고 달콤한 우디향취,"117,500원 24.2% 할인",0.0
76,샤보 빈티지 오 드 퍼퓸 30ml,샤보,"따뜻한 아메리카노와 바닐라 과자, 그리고 튜베로즈 식빵","117,500원 24.2% 할인",5.0
77,샤보 레 에 쇼콜라 오 드 뚜왈렛 30ml,샤보,"이제껏 경험한적 없는 완벽한 달콤함, 초콜릿과 바닐라의 완벽한 하모니","101,300원 19.0% 할인",4.7
78,샤보 레 꽁 상뜨레 오 드 뚜왈렛 30ml,샤보,"우유 향수, 완전 따뜻하고 달콤한 연유속에 캬라멜 한조각이 풍덩","101,300원 19.0% 할인",4.8
79,구찌 알케미스트 가든 윈터스 스프링 오 드 퍼퓸 100ml,구찌,미모사와 아카시아 꽃을 가볍게 띄워놓은 미온수로 부드럽게 목욕한 후 살에 남은 잔향,"395,000원 12.2% 할인",0.0
80,구찌 알케미스트 가든 어 윈터 멜로디 사이프러스 센티드 워터 150ml,구찌,"서늘한 겨울 공기가 하얀 입김으로 되돌아가는 풍경, 그곳을 에워싸는 눈 덮인 초겨울의 숲 향기","289,000원 8.0% 할인",5.0
81,마크제이콥스 스플래쉬 레인 100ml,마크제이콥스,"소나기가 한차례 쏟아진 정원, 바닥에서부터 피어오르는 꽃들의 향기","62,500원 21.9% 할인",4.8
82,클린 리저브 웜코튼 오 드 퍼퓸 100ml,클린 리저브,"기어들어가고 싶게 촉촉한, 빨래 향기가 그대로 밴 이불","101,150원 15.0% 할인",4.9
83,아틀리에 코롱 클레망틴 캘리포니아 30ml,아틀리에 코롱,"소다 밀키스를 마시는 상큼함, 아틀리에의 베스트셀러","72,000원 30.1% 할인",4.8
84,프라고나르 세드르 오 드 뚜왈렛 100ml,프라고나르,"낮엔 풀꽃들이 보이고, 저녁엔 얼음 결정이 보이는 시린 청량감","71,500원 10.6% 할인",4.8
85,프로소디 런던 오션 커모션 오 드 코롱 30ml,프로소디 런던,"바다 한 가운데 누워, 등에서 느껴지는 시원함과 철썩대는 파도소리가 자장가처럼 편안해지는 순간","70,500원 15.1% 할인",4.8
86,메종마르지엘라 언더 더 레몬트리,메종 마르지엘라,레몬향 진토닉으로 천천히 취해가는 것 같은 노곤한 향기,"80,900원 9.1% 할인",5.0
87,에트로 머스크 오 드 퍼퓸 100ml,에트로,"어느 여름, 버베나 나무 아래에서 선선하게 불어오는 데일리 - 머스크 향기","165,000원 20.7% 할인",4.7
88,에트로 라자스탄 오 드 퍼퓸 100ml,에트로,"자유를 찾아 유랑하는 집시,보헤미안 스타일의 묵직한 앰버와 미모사 그리고 머스크의 폭닥한 향기","135,200원 20.0% 할인",0.0
89,에트로 우다이푸르 오 드 퍼퓸 100ml,에트로,"레몬을 적신 고운 점토 비누로 샤워를 마친 후, 수건을 덮은 부드러움","166,000원 7.8% 할인",5.0
90,에트로 비아베리 오 드 뚜왈렛 100ml,에트로,"에트로 베스트셀러, 씻고 나온 라벤더 비누향이 설렘 가득히 사이프러스 숲을 감싸안는 순간","118,000원 18.6% 할인",4.8
91,크리드 로얄워터 오 드 퍼퓸,크리드,"레몬과 바질의 깔끔함이 늘 잘 먹히는, 누구나 좋아할 법한 군더더기 없는 남성미","305,000원 12.9% 할인",4.9
92,에르메스 오 도랑쥬 베르트 오 드 코롱,에르메스,"나른함 가득한 늦은 오후, 커튼 사이로 들어오는 햇살을 타고 흐르는 오렌지와 레몬의 상큼함","105,000원 35.2% 할인",0.0
93,에르메스 오 드 시트론 느와 오 드 코롱,에르메스,"에르메스식 남성의 관능미, 아슬아슬한 경게 사이를 넘나드는 시트러스 - 스모키의 정석","105,000원 35.2% 할인",5.0
94,몽클레르 뿌르 팜므 오 드 퍼퓸,몽클레르,"포근함이 느껴지는 함박눈 위로, 달콤한 바날리색 연유 라떼가 가볍게 녹아들며 남기는 자취","110,000원 8.3% 할인",5.0
95,나소마토 실버 머스크 엑스트레 퍼퓸 30ml,나소마토,"하얀 눈의 결정체가 손바닥 위에서 녹는 듯, 극도로 투명한 목화꽃의 깨끗함","245,500원 9.1% 할인",0.0
96,나소마토 바라온다 엑스트레 퍼퓸 30ml,나소마토,"달콤한 스카치 캔디를 문 채 한 모금 삼키는 위스키와 재즈의 선율의 어울린, 완벽한 무드","245,500원 9.1% 할인",0.0
97,마스크 밀라노 테랄바 오 드 퍼퓸 35ml,마스크 밀라노,"지중해식 샐러드를 아삭- 베어물었을 때의 상큼함, 그 행복","187,500원 10.7% 할인",0.0
98,마스크 밀라노 루씨 에 옴브레 오 드 퍼퓸 35ml,마스크 밀라노,"빛과 그림자가 만나는 순간, 그 중성적인 인센스 향기가 연출하는 분위기","187,500원 10.7% 할인",5.0
99,바스틸 홀스 피스테 오 드 퍼퓸 50ml,바스틸,"파리의 빈티지 바, 모히또 한 잔과 비 내리는 거리가 연출하는 분위기","165,500원 12.9% 할인",0.0
100,메종 마르지엘라 레플리카 위키드 러브 100ml,메종 마르지엘라,노르웨이 숲의 서늘한 정원에 흩어 피어 있는 알싸한 로즈와 그라스,"215,000원 14.0% 할인",5.0
101,프라고나르 상탈 오 드 뚜왈렛 100/200ml,프라고나르,"상탈을 사포질해, 사랑과 정성이 담겨 비누처럼 편안해진 우디 향기","71,500원 10.6% 할인",4.9
102,프라고나르 비가라드 재스민 오 드 퍼퓸 50ml,프라고나르,편안한 자연 그대로의 호불호 없는 자몽 향기,"84,000원 11.6% 할인",0.0
103,클린 리저브 시트론 피그 오 드 퍼퓸 100ml,클린 리저브,레몬 무화과를 스쳐 산을 한 바퀴 쭉 돌고서 내게 도착한 향기,"101,150원 15.0% 할인",4.7
104,클린 클래식 웜코튼 오 드 퍼퓸 30/60ml,클린 리저브,전방 100m 밖까지 닿는 새하안 비누 향기에 마음까지 산뜻해지는 깨끗한 향기,"38,000원 30.9% 할인",4.8
105,트루사르디 - 르비드 밀라노 비하인드 커튼 스칼라 오 드 퍼퓸 100ml,트루사르디 르비드 밀라노,막내린 극장에서 연습하는 배우의 열정 가득한 클로브 레더,"238,000원 15.0% 할인",0.0
106,트루사르디 - 르비드 밀라노 아이 비콜리 치아리 오 드 퍼퓸 100ml,트루사르디 르비드 밀라노,진과 바닐라를 묵직하게 우려내 파츌리 나무에 붓는 이색적인 향기,"238,000원 15.0% 할인",0.0
107,트루사르디 - 르비드 밀라노 머스크 누아 퍼퓸 인핸서 오 드 퍼퓸 100ml,트루사르디 르비드 밀라노,살결같은 부드러움으로 각 향을 포근하게 감싸주는 레이어링 향수,"238,000원 15.0% 할인",4.0
108,퍼퓸 드 말리 오아잔 125ml,퍼퓸 드 말리,"순도 높은 시나몬의 정수, 부드럽게 녹아들어가는 성숙한 달콤함","385,000원 10.5% 할인",5.0
109,이센트릭 몰리큘스 이센트릭 01,이센트릭 몰리큘스,Iso E Super가 사람살결에서 나는 고유의 고소함을 극대화 시킨 체취의 향기,"135,000원 15.6% 할인",4.2
110,엘리자베스 앤 제임스 너바나 로즈 오 드 퍼퓸 30/100ml,엘리자베스 앤 제임스,말린 로즈잎과 제라늄의 까칠함이 어울린 모던섹시,"57,000원 33.7% 할인",5.0
111,엘리자베스 앤 제임스 너바나 버번 오 드 퍼퓸 30/50ml,엘리자베스 앤 제임스,달콤한 바닐라버번에 훈제된 오크우드의 깊고 담백한 향기,"63,000원 26.7% 할인",4.8
112,에르메스 H24 오 드 뚜왈렛 50/100ml,에르메스,"에르메스 남자향수의 새로운 역사, 5월의 산뜻함이 잔뜩 배인 비누계열 스클라렌 향기","85,000원 22.0% 할인",4.9
113,아이젠버그 오프레쉬 옴므 30/50/100ml,아이젠버그,"자신만의 생활 루틴을 가진 부지런한 남자, 그 아침을 상쾌하게 여는 라벤더-베티버 향기","65,200원 17.5% 할인",4.7
114,아틀리에 코롱 포멜로 파라디 30ml,아틀리에 코롱,생 자몽 하나를 그대로 갈아낸 듯한 싱싱함,"72,000원 30.1% 할인",4.7
115,세르주루텐 엉 브와 바닐 오 드 퍼퓸,세르주루텐,"빈티지 카페 안, 달콤한 바닐라 라떼 향기가 밴 가구들에서 번지는 안락한 포근함","174,500원 14.9% 할인",5.0
116,세르주루텐 다튜라느와 오 드 퍼퓸,세르주루텐,"깊은 상처까지 감싸 안아줄 것 같은, 헬리오트로프와 튜베로즈의 안락한 편안함","174,500원 14.9% 할인",5.0
117,세르주루텐 앰버 술탄 오 드 퍼퓸,세르주루텐,"인센스 향초가 가득한 페르시아 상점 속, 주황빛 앰버 보석이 홀로 빛나는 신비스러운 향기","174,500원 14.9% 할인",5.0
118,사랑해요 #60 소울 오브 더 포레스트 오 드 퍼퓸 100ml,사랑해요,"녹음이 짇은 새벽의 숲, 샌달우드와 유칼립투스가 전하는 몽환미","123,000원",4.8
119,사랑해요 #69 로드 트립 오 드 퍼퓸 100ml,사랑해요,"여행지에서 함께 만든 달달한 추억을 닮은, 바닐라 - 우디 향기","123,000원",0.0
120,사랑해요 #51 드라이브 투 선버스트 오 드 퍼퓸 100ml,사랑해요,"잠깐의 안식, 그 평화로움을 만끽하는 선물같은 네롤리 향기","123,000원",5.0
121,사랑해요 #10 바닐라 블룸 오 드 퍼퓸 100ml,사랑해요,르꼬르동 블루에서 디저트를 가장 잘 다루는 장인의 자신있는 바닐라 디저트 향기,"123,000원",5.0
122,사랑해요 #30 브리즈 오브 샤인 오 드 퍼퓸 100ml,사랑해요,"꿈을 결심한 순간, 그 소중한 찰나의 달콤함을 담은 밀키스-코코넛 내음","123,000원",5.0
123,분더샵 플뤼에블랑쉬 오 드 퍼퓸 50ml,분더샵,블랙베리 가득한 물안개 숲속을 석양이 천천히 밀어내는 듯한 몽환적인 향기,"103,500원 25.0% 할인",4.8
124,분더샵 텔 노 원 오 드 퍼퓸 50ml,분더샵,"기름먹인 오렌지꽃, 뮤게로 펜 잉크를 만들어 종이에 사각 사각 써내려가는 예술가적 향기","103,500원 25.0% 할인",4.8
125,불리 오 트리쁠 알 카시르 75ml,불리 1803,"살짝 힘을 뺀 바닐라와 고소한 샌달우드, 느슨한 듯 여유로운 우디 내음","170,000원 17.1% 할인",0.0
126,르라보 로즈 31 오 드 퍼퓸 50/100ml,르라보,마른 장미잎과 오우드가 어우러진 중성적인 향수,"210,000원 17.0% 할인",4.9
127,로이비 로터스 앤 인센스 오 드 퍼퓸 50ml,로이비,"로이비의 중성 향수 베스트셀러, 푸르스름한 안개비를 들이마신 연꽃의 향기","98,100원 10.0% 할인",5.0
128,로이비 만다린 앤 샌달우드 오 드 퍼퓸 50ml,로이비,"마음 한 켠에 쌓아둔 유년시절, 그 시기를 닮은 민트 잎의 옅은 풀물과 자몽의 쌉싸름함","98,100원 10.0% 할인",5.0
129,로이비 휘그 앤 시더우드 오 드 퍼퓸 50ml,로이비,"진중한 숲의 향기를 머금은 무화과, 그 하얀 달콤함이 경쾌하게 피어나는 포레스트","98,100원 10.0% 할인",4.7
130,로이비 샤프론 앤 오렌지 블로썸 오 드 퍼퓸 50ml,로이비,"버건디빛 샤프란과 오렌지 블로썸이 써내려가는 가을무드, 달콤하게 무르익은 오리엔탈 플로럴","98,100원 10.0% 할인",5.0
131,프라다 레스 인퓨전 디 아이리스 세더 오 드 퍼퓸 100ml,프라다,도브비누 10개를 응축시켜 흩뿌린 듯한 편안하고 고급스러운 프라다 남자향수,"184,000원 9.8% 할인",4.8
132,프라다 레스 인퓨전 디 아이리스 오 드 퍼퓸 50/100ml,프라다,"갓 빨래한 하얀 침구류의 감촉처럼, 부드럽고 은은한 비누 향기","135,000원 3.6% 할인",4.5
133,프라다 레스 인퓨전 디 만다린 오 드 퍼퓸 100ml,프라다,동화 속 노을 진 석양처럼 잔잔한 오렌지 비누 향기,"184,000원 9.8% 할인",5.0
134,누NOU 베르가못 오 드 퍼퓸 50ml,누NOU,쌉싸름하도록 상쾌한 - 순도 높은 베르가못의 허벌한 향기,"42,000원 16.0% 할인",0.0
135,프로소디 런던 우드 옥타브 오 드 퍼퓸 50ml,프로소디 런던,"파피루스 나무 사이를 헤쳐 나갈 때, 옷깃에 배인 나무 내음이 문득 편안해지던 순간","134,000원 15.2% 할인",0.0
136,프로소디 런던 로즈 론듀 오 드 퍼퓸 50ml,프로소디 런던,버건디 로즈 그리고 블랙커런트와 제라늄의 쌉싸름한 달콤함을 씹어낸 신선한 아성,"134,000원 15.2% 할인",5.0
137,프로소디 런던 랜턴 리드 오 드 퍼퓸 50ml,프로소디 런던,손 안의 작은 랜턴 불의 열기가 베티버 기둥에 닿아 따스한 온기를 느끼게 하는 자연의 향기,"134,000원 15.2% 할인",5.0
138,프로소디 런던 네롤리 누앙스 오 드 퍼퓸 50ml,프로소디 런던,"오렌지 나무 아래의 빛바랜 노트, 다져진 흙 위에 누워 취하는 온전한 휴식","134,000원 15.2% 할인",5.0
139,프로소디 런던 비밥 얼루어 오 드 코롱 30ml,프로소디 런던,네롤리와 허브가 만들어낸 자연 100% 깔끔한 가루세제 향기,"70,500원 15.1% 할인",5.0
140,프로소디 런던 트레비 로즈 오 드 코롱 30ml,프로소디 런던,라즈베리 과즙을 먹고 자라나 더욱 붉어진 장미가 연출하는 고혹스러운 향기,"70,500원 15.1% 할인",5.0
141,프로소디 런던 페이퍼 플라워 팬 오 드 코롱 30ml,프로소디 런던,"프로소디의 베스트셀러, 프리지아 꽃 한 송이가 주는 잔잔한 싱그러움","70,500원 15.1% 할인",5.0
142,프로소디 런던 에이 카펠리 레이 오 드 코롱 30ml,프로소디 런던,얇은 입자로 흩어지는 레몬필이 만들어내는 편안한 상큼함,"70,500원 15.1% 할인",0.0
143,프로소디 런던 베리 블릿츠 오 드 코롱 30ml,프로소디 런던,"갓 딴 베리와 오렌지 마멀레이드, 모두를 식탁으로 불러모으는 신선한 상큼함","70,500원 15.1% 할인",5.0
144,프로소디 런던 피치카토 블리스 오 드 코롱 30ml,프로소디 런던,"넓은 초원을 맨발로 내달리는 용기, 풀의 시원한 쌉싸름함에 다시금 힘을 얻게 되는 순간","70,500원 15.1% 할인",0.0
145,불리 오 트리쁠 승리의 여신 니케 75ml,불리 1803,"공중의 바람을 타고 불어온 튜베로즈, 목련 그리고 장미의 촉촉 하늘하늘한 향기","190,000원 17.4% 할인",5.0
146,SWG컬렉션 오드더티 50ml,SWG Collection,"푸릇한 소나무와 파츌리가 가볍고 또 시원하게, 여름에도 뿌리기 좋은 청량함","88,200원 10.0% 할인",4.0
147,SWG컬렉션 파인보일 50ml,SWG Collection,"일렁이는 바다 위로 드리워진 파란 소나무와 만다린의 산뜻함, 휴양지의 향기","88,200원 10.0% 할인",3.0
148,SWG컬렉션 베티버느와 50ml,SWG Collection,"뉴욕 센트럴의 자유와 방황을 닮은 페퍼와 토바코, 미니멀과 모던 사이를 아우르는 세련된 중성미","88,200원 10.0% 할인",0.0
149,SWG컬렉션 팜스웨이드 50ml,SWG Collection,처음부터 끝까지 포근한 스웨이드 질감을 유지하는 샌달우드와 레몬. 데일리로 쓰기 좋은 비누 내음,"88,200원 10.0% 할인",4.5
150,바이레도 1996 오 드 퍼퓸,바이레도,"인센스 연기가 자욱한 작업실 안, 바이올렛의 나른함을 풍기는 신비로운 예술가의 분위기를 담아낸 향기","193,500원 15.9% 할인",5.0
151,메종 프란시스 커정 아쿠아 셀레스티아 오 드 뚜왈렛 70ml,메종프란시스 커정,"빙하얼음을 분쇄한 듯, 청량함을 담아 지적이고 깨끗한 향기","224,000원 25.5% 할인",4.7
152,메종 프란시스 커정 아쿠아 비떼 오 드 뚜왈렛 70ml,메종프란시스 커정,"과이악 우드의 잎사귀가 가을 낙엽으로 레몬색을 띄는 계절, 만다린 조각이 스파클링하게 통카빈을 두드리는 시간","224,000원 25.5% 할인",5.0
153,딥디크 롬브로단로 오 드 뚜왈렛,딥티크,이슬을 머금은 블랙커런트와 장미잎의 쌉싸름하고 신기한 향기,"128,000원 10.5% 할인",4.9
154,스테파니 브루진 파리몽타뉴 오 드 퍼퓸 100ml,스테파니 브루진,"입가에 고인 보랏빛 와인이, 지그시 감겨진 눈꺼풀이 따라올 수 없게 만드는 독보적인 분위기","225,000원 10.0% 할인",5.0
155,스테파니 브루진 캐시미어 오 드 퍼퓸 100ml,스테파니 브루진,"화양연화 속 낡은 다락방, 우디 머스크의 붉은 톤이 따스하게 머무는 자리의 향기","225,000원 10.0% 할인",0.0
156,스테파니 브루진 델리스 오 드 퍼퓸 100ml,스테파니 브루진,"파리의 돌담길, 시나몬과 바닐라빈의 따스함이 천천히 자리를 데우는 향기","225,000원 10.0% 할인",0.0
157,세르주루텐 보르네오 1834 오 드 퍼퓸,세르주루텐,"애니멀릭한 고전, 최초의 파츌리를 묘사한 이국적인 다크함","395,000원 15.1% 할인",5.0
158,조말론 로즈 앤 매그놀리아 코롱 50ml,조말론,"파리의 센 강에서 마주한 장미와 파츌리, 우디 톤의 장미만이 낼 수 있는 깊고 짙은 분위기","120,000원 20.0% 할인",5.0
159,조말론 잉글리쉬 오크 앤 헤이즐넛 코롱,조말론,"삼림 속 세차게 내린 비는 헤이즐넛과 삼나무의 밑바탕이 되어, 신선한 피톤치드를 더욱 힘있게 뿜어내는 향기","87,800원 17.9% 할인",5.0
160,바이레도 블랑쉬 오 드 퍼퓸 50/100ml,바이레도,"바이레도 대표작, 기분까지 상큼해지는 산뜻한 비누","205,000원 14.6% 할인",4.8
161,조말론 얼그레이 앤 큐컴버 코롱,조말론,고소한 얼그레이의 증기사이로 경쾌한 스파클링함이 퍼지는 향기,"81,800원 23.6% 할인",4.8
162,메종마르지엘라 레이지선데이 모닝 100ml,메종 마르지엘라,"편안한 침대에 누웠을 때, 이불 속으로 온 몸이 녹아들듯 느껴지는 편안함","145,000원 17.1% 할인",4.8
163,딥디크 오데썽 오 드 뚜왈렛,딥티크,"오렌지, 허브가 연출하는 자연 섬유유연제 향기","128,000원 10.5% 할인",4.9
164,딥디크 오르페옹 오 드 퍼퓸 75ml,딥티크,"빳빳한 와이셔츠 위로 알싸한 주니퍼베리 안개가 스민, 시크한 긴장감의 런더리 향수","225,000원 8.2% 할인",4.9
165,딥디크 제라늄 오도라타 오 드 뚜왈렛 100ml,딥티크,"촉촉히 젖은 토지에서 올라오는 흙내음 사이, 초원의 그늘진 풀 속을 헤집고 피어난 제라늄 향기","175,000원 12.1% 할인",5.0
166,딥디크 필로시코스 오 드 뚜왈렛,딥티크,날이 풀리면 가장 많이 팔리는 딥디크 베스트셀러 중 하나,"128,000원 10.5% 할인",4.8
167,딥디크 베티베리오 오 드 뚜왈렛,딥티크,가을 겉옷처럼 캐쥬얼하고 편안한 베티버향기,"128,000원 10.5% 할인",4.8
168,딥디크 플레르 드 뽀 오 드 퍼퓸 75ml,딥티크,부드러운 옷 소매를 걷으면 손목에서 날법한 따뜻하고 포근한 체취의 향기,"225,000원 8.2% 할인",4.8
169,프레데릭 말 프렌치 러버 50ml,프레데릭말,"단정하고도 세심한 감수성, 비에 젖은 소나무와 낙엽을 보며 한 편의 시를 읊어내는 감성","198,000원 19.2% 할인",5.0
170,프라고나르 패츌리 오 드 뚜왈렛 100/200ml,프라고나르,"파츌리와 통카빈을 아로마오일로 내어 천천히 데울 때, 방안을 따스하게 감싸안는 편안함","71,500원 10.6% 할인",5.0
171,톰포드 그레이 베티버 오 드 퍼퓸 50ml,톰포드,"나무비누 질감으로, 베티버 입문자부터 스타일리쉬한 남자친구까지 연출 가능한 베티버 향기","140,000원 27.1% 할인",5.0
172,세르주루텐 로 오 드 퍼퓸 50ml,세르주루텐,"세르주루텐 베스트셀러, 물기 가득한 와이셔츠 같은 깨끗한 비누내음","127,800원 10.0% 할인",4.8
173,세르주루텐 밥뗌므 뒤 퍼 오 드 퍼퓸,세르주루텐,"실탄 화약 냄새, 진저, 계피가 얽혀 환호성 가득한 축제의 분위기","174,500원 14.9% 할인",5.0
174,세르주루텐 플뢰르 드 시트로니에 오 드 퍼퓸 100ml,세르주루텐,"선선한 여름날, 오렌지 나뭇가지에 사랑하는 마음을 걸어 너에게 건넸던 추억","164,000원 15.0% 할인",5.0
175,세르주루텐 로 다므르와즈 오 드 퍼퓸 100ml,세르주루텐,"깊은 소나무 숲 속에 홀로 들어가 깊이 숨을 쉴 때, 마음을 다 잡게 만들었던 개운함","164,000원 15.0% 할인",5.0
176,메종 프란시스 커정 바카라 루쥬 540 오 드 퍼퓸 70ml,메종프란시스 커정,"고혹미 향수, 졸여낸 구어망드 달콤함과 세련된 우디플로럴의 고급스러운 조화","275,000원 24.0% 할인",4.9
177,로에베 001 맨 오 드 뚜왈렛 50ml,로에베,"서정적이고 부드러운 우디 향기의 정석, 데일리로 편하게 쓰기 좋은 남녀공용 우디 향수","90,000원 29.7% 할인",4.9
178,바이레도 모하비고스트 오 드 퍼퓸 50/100ml,바이레도,"연보랏빛 물안개 속, 상큼달콤한 과일비누","198,500원 17.3% 할인",4.7
179,불리 오 트리쁠 공원에서의 대화 75ml,불리 1803,"공원에서 마주한 가장 순수한 싱그러움, 가장 일상적이고 산뜻한 자연 그대로의 향기","190,000원 17.4% 할인",5.0
180,톰포드 솔레이네쥬 오 드 퍼퓸,톰포드,"하얀 눈에 반사되는 빛처럼 밝게 연출되는 머스크, 살갗에 닿자마자 녹아내리는 바닐라의 부드러운 달콤함","300,000원 17.8% 할인",5.0
181,딥디크 필로시코스 오 드 퍼퓸 75ml,딥티크,"무화과와 잎사귀를 한 움큼, 가장 자연적이고 따스한 무화과","196,500원 16.4% 할인",4.8
182,킬리안 로즈 온 아이스 오 드 퍼퓸 50ml,킬리안,"상큼한 진토닉으로 씻어내는 하루의 고단함, 코 끝에 머무는 진과 물에 젖은 장미 향기","270,000원 3.6% 할인",0.0
183,산타마리아노벨라 멜로 그라노 오 드 코롱,산타마리아노벨라,"하얀 비누 거품을 가득 머금은 일랑일랑 꽃이 오크모스, 장미, 파츌리를 천천히 삼켜내는 포근함","103,500원 24.5% 할인",4.8
184,바이레도 집시워터 오 드 퍼퓸 50/100ml,바이레도,교향곡 처럼 조화롭고 은은한 우디와 바닐라,"198,500원 17.3% 할인",4.6
185,불리 오 트리쁠 목욕하는 여인 75ml,불리 1803,"어쩌면 순연에 가장 가까울, 샤워 후의 수증기가 살갗에 흡수된 극강의 부드러움과 순수함","225,000원 6.3% 할인",4.9
186,톰포드 패뷸러스 오 드 퍼퓸 50ml,톰포드,"이성이 아닌 본성을 자극하는, 퇴폐미 가득한 섹시함","365,000원 22.3% 할인",4.9
187,조말론 머르 앤 통카 코롱 인텐스,조말론,"그 남자의 사랑법, 통카빈을 감싸 안은 따뜻한 머르 나무에서 느껴지는 자상함","235,000원 20.3% 할인",5.0
188,메모 프렌치 레더 오드퍼퓸 75ml,메모,프랑스 센느강 다리위에 놓여진 스웨이드 핸드백속에서 나는 장미향기,"263,000원 24.9% 할인",5.0
189,딥디크 트레블퍼퓸 오 드 뚜왈렛 12ml,딥티크,"직접 커스터마이징하는 나만의 딥디크, 반영구적 사용으로 지속가능성까지 고려한 트레블 스프레이","130,500원 17.9% 할인",5.0
190,톰포드 비터 피치 오 드 퍼퓸 50ml,톰포드,"보일 듯 말듯, 파츌리에 가려진 복숭아의 농익은 달콤함이 더욱 은밀하게 느껴지는 순간","288,000원 38.7% 할인",4.9
191,프레데릭 말 포트레이트 오브 어 레이디 50ml,프레데릭말,"비에 젖은 라즈베리와 짙은 색의 장미가 쌉싸름하고 우디한 파츌리와 어울린, 고혹적 분위기","277,800원 21.3% 할인",5.0
192,딥디크 탐다오 오 드 퍼퓸 75ml,딥티크,자상하고 따뜻한 나무 향기의 정석,"194,800원 17.1% 할인",4.9
193,바이레도 발다프리크 오 드 퍼퓸 50/100ml,바이레도,"늦가을, 커피잔 같은 따뜻한 달콤함","205,000원 14.6% 할인",4.6
194,아쿠아 디 파르마 바닐라 오 드 퍼퓸 100ml,아쿠아 디 파르마,"오후 2시의 바닐라빛 햇살, 헬리오트로프를 베고 노곤히 쏟아지는 잠을 청하는 편안한 향기","185,000원 43.9% 할인",0.0
195,세르주루텐 디 프로펑디 오 드 퍼퓸,세르주루텐,"탄생과 죽음, 그리너리한 블루벨과 국화꽃의 대비가 대자연의 이치에 고개를 끄덕이게 만드는 향기","395,000원 15.1% 할인",5.0
196,에르메스 운 자르뎅 메디테라네 오 드 뚜왈렛,에르메스,"분수대 앞 공원 벤치에 걸터앉아 느껴보는, 햇살처럼 번지는 오렌지와 무화과 나무에서 퍼지는 달콤한 향기","145,000원 17.1% 할인",0.0
197,메종마르지엘라 세일링데이,메종 마르지엘라,"선선한 바닷 바람이 뺨을 스칠 때, 요트 위에서 가볍게 숨을 고르는 듯한 상쾌한 향기","80,900원 9.1% 할인",4.8
198,아이젠버그 땅따이숑 오 드 퍼퓸,아이젠버그,"쌀쌀한 날씨에 더욱 손이 가는, 달콤한 통카빈과 핑크페퍼의 균형 잡힌 포근함","47,400원 40.0% 할인",4.0
199,아이젠버그 루즈 앤 느와르 오 드 퍼퓸,아이젠버그,새빨간 립스틱의 관능미와 느와르 식의 흑백이 자아내는 관능미,"47,400원 40.0% 할인",5.0
200,딥디크 로데헤스페리데스 오 드 뚜왈렛 100ml,딥티크,"옅은 바람을 등지고 맡아지는 비터오렌지, 민트, 로즈마리의 프레시함이 마음을 톡톡 건드는 상쾌함","175,000원 12.1% 할인",5.0
201,불리 오 트리쁠 그랑드 오달리스크 75ml,불리 1803,"남자의 체취가 가을 낙엽에 닿아 흐려진 듯, 스파이시한 인센스가 연출하는 시크한 관능미","185,000원 19.6% 할인",0.0
202,크리드 어벤투스 포허 30/75ml,크리드,시크함과 귀여운 관능미를 동시에 갖고 있는 스모키한 애플로즈,"230,000원 25.8% 할인",4.5
203,메모 오션 레더 오 드 퍼퓸 75ml,메모,"시원한 바닷바람을 타고 부서지는 시트러스와 얇은 종이를 바닷물에 풀어헤친듯, 가볍게 올라오는 우디","263,000원 24.9% 할인",0.0
204,메종마르지엘라 바이 더 파이어플레이스 100ml,메종 마르지엘라,"스위스 나무 별장, 모닥불 피워 놓은 자리에서 한 입 떠 먹는 바닐라 한 스푼","145,000원 17.1% 할인",4.8
205,바이레도 슬로우 댄스 오 드 퍼퓸 100ml,바이레도,"달콤한 바닐라 코냑에 취해갈 때, 현실은 흐려지고 사랑은 더욱 짙어지는 로맨틱한 공간의 향기","255,750원 22.5% 할인",5.0
206,불리 오 트리플 리켄 데코스 75ml,불리 1803,"비에 젖은 이끼 사이를 운행하는 상쾌한 바람, 그 깨끗한 자연의 향기","170,000원 17.1% 할인",4.9
207,크리드 오리지널 베티버 50ml,크리드,"호불호 없는 베티버, 맡기만 해도 마음이 평온해지는 산뜻한 녹색 비누 향기","310,000원 11.4% 할인",4.9
208,프레데릭 말 뮤스크 라바줴 50ml,프레데릭말,"거부할 수 없는 섹시함, 단 한사람을 위한 머스크 향기","213,000원 22.5% 할인",4.9
209,프레데릭 말 로디베 50ml,프레데릭말,"보라빛 꽃 위를 살랑이는 흰 나비처럼, 헬리오트로프와 머스크가 연출하는 연약한 포근함","205,000원 15.6% 할인",0.0
210,르라보 떼누아 29 오 드 퍼퓸 50ml,르라보,스모키한 솔나무와 쥬니퍼 베리가 어울린 블랙티의 깔끔한 리프레쉬 향기,"220,000원 13.0% 할인",4.9
211,크리드 버진 아일랜드 워터 50ml,크리드,"밀키스에 코코넛을 풍덩, 바닷가 썬베드에서 쉬는 듯 기분 좋은 향기","275,000원 20.1% 할인",4.7
212,티에리 뮈글러 엔젤 오 드 퍼퓸 50ml,티에리 뮈글러,"유혹의 정석, 대담하게 유혹하는 달콤 아찔 플럼-바닐라","87,000원 27.5% 할인",4.8
213,엘리자베스 앤 제임스 너바나 블랙 오 드 퍼퓸 30/50ml,엘리자베스 앤 제임스,바닐라향 커피빈을 그윽하게 갈아낸 것 같은 모던한 향기,"50,500원 41.3% 할인",4.6
214,엘리자베스 앤 제임스 너바나 프렌치 그레이 오 드 퍼퓸 30/50ml,엘리자베스 앤 제임스,비맞은 라벤더 향이 나는 것 같은 시크한 표정의 뉴요커,"45,000원 47.7% 할인",4.0
215,엘리자베스 앤 제임스 너바나 아메시스트 오 드 퍼퓸 30/50ml,엘리자베스 앤 제임스,한겨울 따뜻한 카페문을 열었을때 확 퍼지는 공기에서 날 법한 여유로운 달콤함,"50,500원 41.3% 할인",4.3
216,에르메스 운 자르뎅 수르 라 라군 오 드 뚜왈렛 30/50ml,에르메스,따뜻한 돌담길 너머에 아늑하게 핀 백합과 나무 그리고 정원,"70,000원 12.5% 할인",4.9
217,아쿠아 디 파르마 유자 오 드 퍼퓸 100ml,,유자의 상큼함이 주변 꽃들에 맺힌 이슬까지 가볍게 흔들 때 코 끝에 감도는 수분감있는 향기,"198,000원 36.1% 할인",5.0
218,아쿠아 디 파르마 시프레소 디 토스카나 150ml,,"이태리의 작은 숲, 신선한 사이프레스와 갈바넘이 연출하는 자연 치유적 향기","122,000원 21.3% 할인",3.0
219,아이젠버그 러브어페어 옴므 30/50/100ml,아이젠버그,"비누거품처럼 노곤한 눈빛을 지닌, 훈훈하고 자상한 남자다움의 정석","65,200원 17.5% 할인",4.8
220,세르주루텐 끌레 드 머스크 오 드 퍼퓸,세르주루텐,하얀 터키쉬 앙고라 고양이가 가지런히 앞발을 모으고 있는 듯한 아이리스 - 머스크 향기,"253,500원 14.9% 할인",4.9
221,세르주루텐 덩드레 오 드 퍼퓸 50ml,세르주루텐,"아기 뱀파이어가 웃을 때 보이는 작은 덧니처럼, 투명한 흰색에서 느껴지는 극도의 연약함","174,500원 14.9% 할인",0.0
222,세르주루텐 로 프로이드 오 드 퍼퓸,세르주루텐,"전나무에서 흐르는 깨끗하고 맑은 수액, 상처를 대면 눈 녹듯 나을 것 같은 치유의 물","164,000원 15.0% 할인",4.9
223,세르주루텐 로 드 빠이으 오 드 퍼퓸,세르주루텐,"거리에 깔린 바싹 마른 낙엽, 그리고 홍차가 연출하는 건조한 가을날의 분위기","164,000원 15.0% 할인",5.0
224,세르주루텐 쉔느 (쉔) 오 드 퍼퓸 100ml,세르주루텐,4B 연필로 사각사각 채운 편지 위로 쏟아진 럼이 흑연과 섞여 내는 청량한 묵직함,"395,000원 15.1% 할인",5.0
225,세르주루텐 데 끌루 뿌르 윈느 뻬리르 오 드 퍼퓸 100ml,세르주루텐,"에메랄드 해안가 아래, 스파클링하게 터지는 레모네이드 한 모금과 휴식","164,000원 15.0% 할인",5.0
226,분더샵 버베니트 오 드 퍼퓸 50ml,분더샵,자몽이 가득한 베를린 숲을 맨발로 천천히 거니는 듯한 흙길의 향기,"112,800원 40.0% 할인",4.9
227,분더샵 비커즈 에브리띵 오 드 퍼퓸 50ml,분더샵,"지중해 근처의 청정 숲에서 딴 오렌지, 오염되지 않은 자연 날것의 상큼함","82,800원 40.0% 할인",5.0
228,메종 마르지엘라 레플리카 소울 오브 더 포레스트 100ml,메종 마르지엘라,물안개가 가득한 피톤치드 숲속을 걸으며 씹어보는 블랙커런트의 선선한 향기,"175,000원 30.0% 할인",5.0
229,메종 마르지엘라 레플리카 댄싱 온 더 문 100ml,메종 마르지엘라,밤하늘의 달빛아래 춤추는 선녀의 옷자락 같은 화이트플로럴 향기,"215,000원 14.0% 할인",4.6
230,메종 마르지엘라 레플리카 어크로스 샌드 100ml,메종 마르지엘라,한약방의 감초가 생각나는 마른사막 위에 펼쳐진 오리엔탈 서커스,"215,000원 14.0% 할인",0.0
231,르라보 베르가못 22 오 드 퍼퓸 100ml,르라보,유기농 베르가못을 서걱서걱 썰어낼 때 느껴지는 기분 좋은 신선함,"325,000원 12.2% 할인",5.0
232,르라보 베르가못 22 오 드 퍼퓸 50ml,르라보,햇빛에 잘 익은 유기농 베르가못을 서걱서걱 썰어서 곧바로 씹는듯한 향기,"220,000원 13.0% 할인",4.8
233,록시땅 버베나 오 드 뚜왈렛 100ml,록시땅,전두엽을 강타하는 레몬과 버베나의 상쾌함,"56,800원 24.3% 할인",4.6
234,록시땅 시트러스 버베나 오 드 뚜왈렛 100ml,록시땅,"편안한 쉼, 위로, 배려가 되는 은은한 시트러스 버베나 향기","55,800원 25.6% 할인",4.7
235,겔랑 아쿠아 알레고리아 베르가못 칼라브리아 오 드 뚜왈렛 125ml,겔랑,따뜻하게 달궈진 담벼락에 넝쿨진 베르가못의 아삭한 향기,"88,000원 20.0% 할인",4.9
236,구찌 블룸 아쿠아 디 피오리 오 드 뚜왈렛 50ml,구찌,"푸릇한 정원이 주는 상큼함, 구찌 블룸의 신상","104,800원 20.6% 할인",4.8
237,불리 오 트리쁠 목수 성 요셉 75ml,불리 1803,일렁이는 바닐라와 히노끼의 편백향이 나무기둥 사이로 천천히 스며드는 소프트-우디 향,"185,000원 19.6% 할인",5.0
238,바이레도 선데이즈드 오 드 퍼퓸 50/100ml,바이레도,설탕을 버무린 오렌지맛 코튼캔디가 석양에 스르르 녹는향기,"191,750원 20.1% 할인",4.6
239,바이레도 로즈 오브 노 맨즈 랜드 오 드 퍼퓸 50ml,바이레도,"바이레도가 그린 선명한 로즈, 라즈베리 이슬이 차가운 장미를 녹이며 깨어나는 싱그런 향기","198,500원 17.3% 할인",5.0
240,메종 마르지엘라 레플리카 플라잉 100ml,메종 마르지엘라,네롤리와 오렌지로 석양을 만든 잔잔한 비누향기,"175,000원 30.0% 할인",4.6
241,메종 마르지엘라 뮤직 페스티벌 100ml,메종 마르지엘라,"우드 소극장, 희뿌연 먼지 사이를 뚫고 강렬하게 퍼지는 가죽끈의 열정적인 바이브","145,000원 17.1% 할인",4.9
