,리뷰작성날짜
0,2022-07-27
1,2022-07-26
2,2022-05-29
3,2022-05-29
4,2022-05-17
5,2022-04-08
6,2022-09-28
7,2022-08-17
8,2022-08-24
9,2022-08-17
10,2022-05-19
11,2022-05-18
12,2022-05-18
13,2022-05-17
14,2022-05-16
15,2022-05-15
16,2022-05-15
17,2022-05-14
18,2022-04-24
19,2022-04-06
20,2022-09-10
21,2022-09-08
22,2022-08-29
23,2022-08-29
24,2022-08-18
25,2022-08-16
26,2022-08-16
27,2022-08-16
28,2022-08-12
29,2022-08-03
30,2022-08-02
31,2022-07-28
32,2022-07-23
33,2022-07-07
34,2022-07-02
35,2022-05-14
36,2022-03-04
37,2022-02-22
38,2021-07-01
39,2022-09-27
40,2022-09-26
41,2022-09-26
42,2022-09-21
43,2022-09-10
44,2022-08-08
45,2022-08-02
46,2022-07-09
47,2022-07-02
48,2022-07-01
49,2022-06-26
50,2022-06-12
51,2022-06-10
52,2022-06-07
53,2022-06-07
54,2022-06-04
55,2022-06-04
56,2022-06-03
57,2022-06-01
58,2022-05-26
59,2022-05-23
60,2022-05-20
61,2022-05-19
62,2022-05-18
63,2022-05-18
64,2022-05-18
65,2022-05-18
66,2022-05-18
67,2022-05-17
68,2022-05-17
69,2022-05-17
70,2022-05-16
71,2022-05-15
72,2022-05-14
73,2022-05-14
74,2022-05-12
75,2022-05-10
76,2022-05-07
77,2022-05-07
78,2022-05-07
79,2022-05-06
80,2022-04-16
81,2022-04-04
82,2021-11-29
83,2021-11-04
84,2021-06-28
85,2021-06-14
86,2021-05-15
87,2022-09-27
88,2022-09-26
89,2022-09-23
90,2022-09-16
91,2022-09-12
92,2022-09-07
93,2022-09-04
94,2022-08-21
95,2022-08-18
96,2022-08-09
97,2022-08-06
98,2022-08-06
99,2022-08-04
100,2022-08-02
101,2022-08-02
102,2022-08-02
103,2022-07-25
104,2022-07-23
105,2022-07-15
106,2022-07-15
107,2022-07-12
108,2022-07-08
109,2022-07-03
110,2022-06-30
111,2022-06-22
112,2022-06-18
113,2022-05-26
114,2022-05-15
115,2022-05-13
116,2022-05-12
117,2022-05-07
118,2022-04-09
119,2022-04-08
120,2022-04-07
121,2022-04-06
122,2022-03-25
123,2022-03-22
124,2022-03-22
125,2022-03-03
126,2022-01-27
127,2022-01-26
128,2022-01-24
129,2022-01-22
130,2022-01-13
131,2022-01-12
132,2021-12-09
133,2021-09-25
134,2021-09-18
135,2022-09-28
136,2022-09-27
137,2022-09-27
138,2022-09-26
139,2022-09-26
140,2022-08-31
141,2022-08-19
142,2022-08-19
143,2022-08-19
144,2022-08-11
145,2022-07-28
146,2022-07-25
147,2022-07-15
148,2022-07-04
149,2022-06-18
150,2022-06-15
151,2022-06-14
152,2022-06-10
153,2022-06-03
154,2022-06-02
155,2022-05-20
156,2022-05-13
157,2022-05-09
158,2022-05-05
159,2022-05-03
160,2022-05-02
161,2022-05-02
162,2022-04-29
163,2022-04-27
164,2022-04-25
165,2022-04-16
166,2022-04-14
167,2022-04-12
168,2022-04-09
169,2022-04-08
170,2022-04-08
171,2022-04-08
172,2022-04-07
173,2022-04-02
174,2022-04-02
175,2022-04-01
176,2022-03-01
177,2022-03-01
178,2022-02-28
179,2022-02-24
180,2022-02-01
181,2022-01-27
182,2022-01-23
183,2022-01-21
184,2022-01-20
185,2021-12-17
186,2021-11-08
187,2021-10-28
188,2021-10-26
189,2021-10-24
190,2021-10-02
191,2021-08-26
192,2020-11-02
193,2020-10-21
194,2022-09-27
195,2022-08-09
196,2022-08-06
197,2022-08-05
198,2022-08-05
199,2022-07-30
200,2022-07-27
201,2022-07-15
202,2022-07-11
203,2022-07-09
204,2022-07-08
205,2022-07-04
206,2022-05-28
207,2022-05-23
208,2022-05-12
209,2022-05-11
210,2022-05-06
211,2022-05-02
212,2022-04-06
213,2022-04-03
214,2022-04-02
215,2022-03-31
216,2022-03-27
217,2022-03-18
218,2022-03-05
219,2022-03-03
220,2022-02-24
221,2022-02-23
222,2022-02-23
223,2022-02-22
224,2022-02-12
225,2022-02-10
226,2022-01-30
227,2022-01-24
228,2022-01-15
229,2022-01-11
230,2022-01-10
231,2022-01-05
232,2022-01-04
233,2021-12-15
234,2021-12-03
235,2021-10-30
236,2021-09-18
237,2021-09-09
238,2021-09-06
239,2021-09-03
240,2021-09-03
241,2021-09-03
242,2021-08-31
243,2021-08-24
244,2021-08-23
245,2021-08-21
246,2021-08-21
247,2021-08-13
248,2021-07-30
249,2021-07-25
250,2021-07-24
251,2021-07-06
252,2021-03-19
253,2021-01-05
254,2020-08-27
255,2020-08-19
256,2022-09-24
257,2022-09-20
258,2022-09-11
259,2022-09-04
260,2022-08-28
261,2022-08-23
262,2022-08-20
263,2022-08-13
264,2022-07-28
265,2022-07-21
266,2022-07-17
267,2022-07-15
268,2022-06-27
269,2022-06-16
270,2022-06-12
271,2022-05-30
272,2022-05-22
273,2022-05-20
274,2022-05-11
275,2022-05-07
276,2022-05-02
277,2022-04-10
278,2022-04-03
279,2022-03-27
280,2022-03-17
281,2022-03-09
282,2022-03-09
283,2022-03-07
284,2022-02-26
285,2022-02-23
286,2022-02-21
287,2022-01-19
288,2022-01-06
289,2021-12-25
290,2021-12-17
291,2021-12-16
292,2021-12-11
293,2021-12-10
294,2021-12-10
295,2021-12-08
296,2021-12-03
297,2021-11-22
298,2021-11-22
299,2021-11-16
300,2021-11-15
301,2021-11-09
302,2021-11-02
303,2021-10-31
304,2021-10-30
305,2021-10-28
306,2021-10-27
307,2021-10-24
308,2021-10-19
309,2021-10-16
310,2021-10-04
311,2021-10-02
312,2021-10-01
313,2021-09-26
314,2021-09-16
315,2021-09-13
316,2021-09-03
317,2021-08-26
318,2021-08-21
319,2021-08-07
320,2021-08-04
321,2021-07-01
322,2021-06-07
323,2021-05-20
324,2021-05-17
325,2021-05-08
326,2021-05-07
327,2021-04-19
328,2021-04-10
329,2021-04-09
330,2020-11-05
331,2022-09-28
332,2022-09-27
333,2022-09-27
334,2022-09-27
335,2022-09-26
336,2022-09-26
337,2022-09-16
338,2022-09-16
339,2022-09-03
340,2022-09-01
341,2022-09-01
342,2022-08-27
343,2022-08-24
344,2022-08-23
345,2022-08-20
346,2022-08-20
347,2022-08-16
348,2022-08-14
349,2022-08-10
350,2022-08-09
351,2022-08-04
352,2022-08-04
353,2022-08-03
354,2022-08-01
355,2022-07-29
356,2022-07-28
357,2022-07-12
358,2022-07-03
359,2022-07-02
360,2022-07-02
361,2022-07-02
362,2022-06-26
363,2022-06-14
364,2022-06-13
365,2022-05-30
366,2022-05-25
367,2022-05-21
368,2022-05-21
369,2022-05-13
370,2022-05-11
371,2022-05-10
372,2022-05-04
373,2022-04-29
374,2022-04-27
375,2022-04-24
376,2022-04-22
377,2022-04-22
378,2022-04-21
379,2022-04-12
380,2022-04-09
381,2022-04-07
382,2022-03-28
383,2022-03-10
384,2022-03-07
385,2022-03-06
386,2022-02-25
387,2022-02-25
388,2021-12-14
389,2021-12-04
390,2021-11-02
391,2021-10-21
392,2021-10-20
393,2021-10-18
394,2021-10-04
395,2021-09-27
396,2021-09-27
397,2021-09-24
398,2021-09-23
399,2021-09-23
400,2021-09-22
401,2021-09-17
402,2021-09-15
403,2021-09-14
404,2021-09-12
405,2021-09-10
406,2021-09-09
407,2021-09-06
408,2021-09-05
409,2021-09-03
410,2021-09-02
411,2021-09-01
412,2021-08-29
413,2021-08-26
414,2021-08-26
415,2021-08-18
416,2021-08-16
417,2021-08-16
418,2021-08-14
419,2021-08-12
420,2021-08-11
421,2021-08-08
422,2021-08-08
423,2021-08-06
424,2021-08-06
425,2021-08-06
426,2021-08-04
427,2021-08-03
428,2021-08-03
429,2021-07-31
430,2021-07-30
431,2021-07-30
432,2021-07-28
433,2021-07-24
434,2021-07-23
435,2021-07-23
436,2021-07-23
437,2021-07-22
438,2021-07-19
439,2021-07-16
440,2021-07-15
441,2021-07-13
442,2021-07-13
443,2021-07-08
444,2021-07-07
445,2021-07-05
446,2021-07-04
447,2021-07-01
448,2021-06-26
449,2021-06-17
450,2021-06-14
451,2021-06-11
452,2021-06-03
453,2021-06-01
454,2021-05-03
455,2021-03-07
456,2021-03-04
457,2021-03-02
458,2021-03-02
459,2021-02-25
460,2021-02-21
461,2021-02-20
462,2021-02-10
463,2021-02-09
464,2021-02-03
465,2021-01-19
466,2021-01-18
467,2021-01-13
468,2021-01-12
469,2021-01-07
470,2020-11-24
471,2020-09-07
472,2022-08-11
473,2022-08-09
474,2022-06-30
475,2022-06-19
476,2022-06-18
477,2022-06-16
478,2022-06-14
479,2022-06-12
480,2022-06-05
481,2022-06-05
482,2022-06-03
483,2022-06-02
484,2022-05-25
485,2022-05-25
486,2022-05-24
487,2022-05-23
488,2022-05-13
489,2022-05-13
490,2022-05-12
491,2022-05-09
492,2022-05-05
493,2022-05-04
494,2022-05-03
495,2022-05-02
496,2022-05-02
497,2022-04-21
498,2022-04-21
499,2022-04-21
500,2022-04-19
501,2022-04-16
502,2022-04-15
503,2022-04-09
504,2022-04-09
505,2022-04-07
506,2022-04-04
507,2022-03-31
508,2022-03-24
509,2022-03-17
510,2022-03-15
511,2022-03-11
512,2022-03-09
513,2022-03-02
514,2022-02-28
515,2022-02-28
516,2022-02-25
517,2022-02-22
518,2022-01-26
519,2022-01-23
520,2021-12-22
521,2021-12-19
522,2021-10-30
523,2021-10-28
524,2021-09-07
525,2021-09-05
526,2021-09-02
527,2021-08-29
528,2021-08-28
529,2021-08-26
530,2021-08-24
531,2021-08-15
532,2021-08-07
533,2021-08-04
534,2021-08-03
535,2021-08-02
536,2021-07-29
537,2021-07-07
538,2021-07-05
539,2021-06-30
540,2021-06-29
541,2021-06-29
542,2021-06-28
543,2021-06-26
544,2021-06-26
545,2021-06-25
546,2021-06-24
547,2021-06-23
548,2021-06-15
549,2021-06-15
550,2021-06-13
551,2021-06-12
552,2021-06-11
553,2021-06-10
554,2021-06-08
555,2021-06-03
556,2021-06-03
557,2021-05-30
558,2021-05-25
559,2021-05-21
560,2021-05-18
561,2021-05-16
562,2021-05-16
563,2021-05-15
564,2021-05-10
565,2021-05-06
566,2021-05-06
567,2021-05-03
568,2021-05-03
569,2021-04-28
570,2021-04-25
571,2021-04-20
572,2021-04-20
573,2021-04-18
574,2021-04-15
575,2021-04-10
576,2021-04-09
577,2021-04-06
578,2021-04-05
579,2021-04-04
580,2021-04-04
581,2021-04-04
582,2021-04-03
583,2021-02-22
584,2021-02-18
585,2021-01-19
586,2021-01-14
587,2021-01-06
588,2020-12-24
589,2020-12-22
590,2020-12-20
591,2020-12-10
592,2020-12-04
593,2020-12-04
594,2020-11-18
595,2020-11-12
596,2020-10-31
597,2020-10-31
598,2020-10-30
599,2020-10-30
600,2020-10-26
601,2020-10-25
602,2020-10-17
603,2020-10-16
604,2020-10-13
605,2020-10-12
606,2020-10-08
607,2019-11-23
608,2022-03-31
609,2022-03-25
610,2022-03-24
611,2022-03-18
612,2022-03-13
613,2022-03-08
614,2022-03-08
615,2022-03-07
616,2022-03-04
617,2022-03-02
618,2022-03-01
619,2022-02-27
620,2022-02-26
621,2022-02-25
622,2022-02-24
623,2022-02-24
624,2022-02-23
625,2022-02-23
626,2022-02-23
627,2022-02-22
628,2022-02-22
629,2022-02-16
630,2022-02-09
631,2022-02-08
632,2022-02-04
633,2022-01-30
634,2022-01-24
635,2022-01-22
636,2022-01-21
637,2022-01-13
638,2022-01-05
639,2021-12-09
640,2021-12-01
641,2021-12-01
642,2021-11-30
643,2021-11-30
644,2021-11-17
645,2021-11-04
646,2021-11-01
647,2021-10-31
648,2021-10-19
649,2021-10-16
650,2021-10-16
651,2021-10-02
652,2021-09-24
653,2021-08-26
654,2021-08-25
655,2021-08-19
656,2021-08-15
657,2021-08-09
658,2021-08-06
659,2021-08-05
660,2021-07-29
661,2021-07-19
662,2021-07-13
663,2021-07-06
664,2021-07-02
665,2021-06-29
666,2021-06-21
667,2021-06-19
668,2021-06-12
669,2021-06-11
670,2021-06-08
671,2021-05-24
672,2021-05-21
673,2021-05-05
674,2021-05-03
675,2021-05-02
676,2021-04-28
677,2021-03-27
678,2021-03-27
679,2021-03-26
680,2021-03-25
681,2021-03-25
682,2021-03-23
683,2021-03-23
684,2021-03-21
685,2021-03-19
686,2021-03-18
687,2021-03-14
688,2021-03-13
689,2021-03-10
690,2021-03-07
691,2021-03-06
692,2021-02-26
693,2021-02-26
694,2021-02-23
695,2021-02-23
696,2021-02-21
697,2021-02-21
698,2021-02-17
699,2021-02-17
700,2021-02-16
701,2021-02-14
702,2021-02-12
703,2021-02-08
704,2021-02-03
705,2021-01-29
706,2021-01-28
707,2021-01-27
708,2021-01-26
709,2021-01-25
710,2021-01-22
711,2021-01-21
712,2021-01-19
713,2021-01-19
714,2021-01-15
715,2021-01-10
716,2021-01-07
717,2021-01-07
718,2021-01-07
719,2021-01-07
720,2021-01-02
721,2021-01-02
722,2021-01-01
723,2020-12-18
724,2020-12-17
725,2020-12-07
726,2020-12-06
727,2020-11-26
728,2020-11-25
729,2020-11-17
730,2020-11-11
731,2020-11-01
732,2020-10-29
733,2020-10-21
734,2020-10-11
735,2020-10-05
736,2020-09-30
737,2020-09-26
738,2020-09-11
739,2020-09-10
740,2020-09-07
741,2020-09-06
742,2020-09-04
743,2020-09-01
744,2020-08-27
745,2020-08-18
746,2020-08-06
747,2020-07-31
748,2020-07-24
749,2020-07-06
750,2020-07-04
751,2020-07-02
752,2020-06-25
753,2020-02-01
754,2019-08-08
755,2021-12-10
756,2021-12-09
757,2021-12-08
758,2021-12-08
759,2021-12-08
760,2021-12-03
761,2021-12-01
762,2021-11-11
763,2021-11-08
764,2021-11-05
765,2021-11-03
766,2021-11-01
767,2021-11-01
768,2021-10-27
769,2021-10-27
770,2021-10-18
771,2021-10-17
772,2021-10-16
773,2021-10-15
774,2021-10-12
775,2021-10-06
776,2021-09-23
777,2021-09-23
778,2021-09-10
779,2021-09-05
780,2021-09-04
781,2021-09-01
782,2021-08-25
783,2021-08-23
784,2021-08-18
785,2021-08-18
786,2021-08-18
787,2021-08-17
788,2021-08-17
789,2021-08-16
790,2021-08-12
791,2021-08-12
792,2021-08-10
793,2021-08-07
794,2021-08-05
795,2021-07-28
796,2021-07-20
797,2021-07-18
798,2021-07-15
799,2021-07-08
800,2021-07-06
801,2021-07-04
802,2021-06-28
803,2021-06-17
804,2021-06-16
805,2021-06-14
806,2021-06-12
807,2021-06-12
808,2021-06-05
809,2021-05-15
810,2021-05-09
811,2021-05-08
812,2021-05-04
813,2021-04-23
814,2021-04-19
815,2021-04-19
816,2021-04-17
817,2021-04-15
818,2021-03-23
819,2021-03-21
820,2021-03-12
821,2021-03-07
822,2021-03-04
823,2021-03-01
824,2021-02-25
825,2021-02-25
826,2021-02-19
827,2021-02-19
828,2021-02-16
829,2021-02-11
830,2021-02-07
831,2021-02-06
832,2021-01-21
833,2021-01-19
834,2021-01-19
835,2021-01-19
836,2021-01-16
837,2021-01-10
838,2021-01-08
839,2021-01-07
840,2021-01-05
841,2021-01-04
842,2021-01-03
843,2020-12-30
844,2020-12-28
845,2020-12-28
846,2020-12-26
847,2020-12-26
848,2020-12-25
849,2020-12-23
850,2020-12-21
851,2020-12-20
852,2020-12-19
853,2020-12-19
854,2020-12-15
855,2020-12-14
856,2020-12-14
857,2020-12-12
858,2020-12-12
859,2020-12-10
860,2020-12-09
861,2020-12-09
862,2020-12-07
863,2020-12-06
864,2020-12-06
865,2020-12-06
866,2020-12-04
867,2020-12-04
868,2020-12-03
869,2020-12-02
870,2020-12-01
871,2020-11-28
872,2020-11-25
873,2020-11-24
874,2020-11-24
875,2020-11-24
876,2020-11-23
877,2020-11-19
878,2020-11-19
879,2020-11-19
880,2020-11-19
881,2020-11-17
882,2020-11-17
883,2020-11-11
884,2020-11-08
885,2020-11-06
886,2020-11-05
887,2020-11-04
888,2020-11-03
889,2020-11-02
890,2020-10-30
891,2020-10-30
892,2020-10-26
893,2020-10-24
894,2020-10-19
895,2020-10-19
896,2020-10-19
897,2020-10-19
898,2020-10-15
899,2020-10-12
900,2020-10-12
901,2020-10-11
902,2020-10-11
903,2020-10-11
904,2020-10-08
905,2020-10-08
906,2020-10-07
907,2020-10-06
908,2020-10-05
909,2020-09-30
910,2020-09-25
911,2020-09-05
912,2020-09-02
913,2020-08-22
914,2020-08-03
915,2020-08-01
916,2020-07-31
917,2020-07-31
918,2020-07-20
919,2020-06-27
920,2020-06-27
921,2020-06-24
922,2020-06-21
923,2020-06-20
924,2020-06-19
925,2020-06-19
926,2020-06-06
927,2020-06-01
928,2020-05-23
929,2020-05-21
930,2020-05-19
931,2020-05-19
932,2020-05-18
933,2020-05-18
934,2020-05-16
935,2020-05-14
936,2020-04-20
937,2020-04-20
938,2020-04-18
939,2020-04-18
940,2020-04-15
941,2019-07-25
942,2021-09-28
943,2021-09-28
944,2021-09-25
945,2021-09-25
946,2021-09-20
947,2021-09-13
948,2021-09-13
949,2021-09-12
950,2021-09-09
951,2021-09-07
952,2021-09-06
953,2021-09-04
954,2021-09-03
955,2021-09-01
956,2021-08-27
957,2021-08-27
958,2021-08-24
959,2021-08-21
960,2021-08-19
961,2021-08-19
962,2021-08-18
963,2021-08-13
964,2021-08-09
965,2021-08-07
966,2021-08-06
967,2021-08-06
968,2021-08-06
969,2021-08-06
970,2021-08-04
971,2021-07-30
972,2021-07-30
973,2021-07-29
974,2021-07-26
975,2021-07-26
976,2021-07-23
977,2021-07-22
978,2021-07-22
979,2021-07-21
980,2021-07-18
981,2021-07-10
982,2021-07-06
983,2021-07-06
984,2021-07-06
985,2021-07-06
986,2021-07-03
987,2021-07-03
988,2021-07-03
989,2021-07-01
990,2021-07-01
991,2021-06-29
992,2021-06-25
993,2021-06-24
994,2021-06-22
995,2021-06-21
996,2021-06-20
997,2021-06-18
998,2021-06-17
999,2021-06-14
1000,2021-05-29
1001,2021-05-20
1002,2021-05-19
1003,2021-05-18
1004,2021-05-18
1005,2021-05-17
1006,2021-05-06
1007,2021-05-04
1008,2021-04-26
1009,2021-04-12
1010,2021-04-09
1011,2021-04-02
1012,2021-04-02
1013,2021-03-29
1014,2021-03-23
1015,2021-03-23
1016,2021-03-20
1017,2021-03-17
1018,2021-03-15
1019,2021-02-26
1020,2021-02-20
1021,2021-02-20
1022,2021-02-17
1023,2021-02-09
1024,2021-02-06
1025,2021-02-04
1026,2021-01-22
1027,2021-01-16
1028,2021-01-15
1029,2021-01-15
1030,2021-01-07
1031,2021-01-02
1032,2020-12-28
1033,2020-12-28
1034,2020-12-27
1035,2020-12-26
1036,2020-12-24
1037,2020-12-23
1038,2020-12-18
1039,2020-12-18
1040,2020-12-17
1041,2020-12-17
1042,2020-12-17
1043,2020-12-15
1044,2020-12-12
1045,2020-11-26
1046,2020-11-26
1047,2020-11-22
1048,2020-11-08
1049,2020-11-07
1050,2020-11-06
1051,2020-11-03
1052,2020-10-07
1053,2020-10-05
1054,2020-09-30
1055,2020-09-28
1056,2020-09-28
1057,2020-09-26
1058,2020-09-24
1059,2020-09-20
1060,2020-09-17
1061,2020-09-10
1062,2020-09-10
1063,2020-09-07
1064,2020-09-07
1065,2020-09-07
1066,2020-09-05
1067,2020-09-05
1068,2020-09-02
1069,2020-09-01
1070,2020-09-01
1071,2020-08-28
1072,2020-08-26
1073,2020-08-26
1074,2020-08-23
1075,2020-08-23
1076,2020-08-21
1077,2020-08-14
1078,2020-08-10
1079,2020-08-10
1080,2020-08-07
1081,2020-08-06
1082,2020-08-03
1083,2020-08-02
1084,2020-08-02
1085,2020-08-02
1086,2020-08-01
1087,2020-07-29
1088,2020-07-28
1089,2020-07-27
1090,2020-07-25
1091,2020-07-24
1092,2020-07-23
1093,2020-07-21
1094,2020-07-21
1095,2020-07-19
1096,2020-07-13
1097,2020-07-13
1098,2020-07-01
1099,2020-06-21
1100,2020-06-19
1101,2020-06-18
1102,2020-06-17
1103,2020-05-19
1104,2020-05-12
1105,2020-05-06
1106,2020-04-29
1107,2020-04-23
1108,2020-04-18
1109,2020-04-18
1110,2020-04-02
1111,2021-06-30
1112,2021-06-30
1113,2021-06-29
1114,2021-06-28
1115,2021-06-27
1116,2021-06-26
1117,2021-06-21
1118,2021-06-21
1119,2021-06-20
1120,2021-06-20
1121,2021-06-18
1122,2021-06-18
1123,2021-06-18
1124,2021-06-16
1125,2021-06-15
1126,2021-06-15
1127,2021-06-15
1128,2021-06-14
1129,2021-06-11
1130,2021-06-05
1131,2021-06-04
1132,2021-05-31
1133,2021-05-30
1134,2021-05-26
1135,2021-05-26
1136,2021-05-24
1137,2021-05-24
1138,2021-05-24
1139,2021-05-20
1140,2021-05-20
1141,2021-05-19
1142,2021-05-18
1143,2021-05-18
1144,2021-05-16
1145,2021-05-16
1146,2021-05-15
1147,2021-05-13
1148,2021-05-11
1149,2021-05-08
1150,2021-05-07
1151,2021-05-01
1152,2021-04-30
1153,2021-04-25
1154,2021-04-24
1155,2021-04-22
1156,2021-04-21
1157,2021-04-12
1158,2021-04-11
1159,2021-04-09
1160,2021-04-05
1161,2021-04-05
1162,2021-04-03
1163,2021-04-02
1164,2021-04-01
1165,2021-03-17
1166,2021-03-13
1167,2021-03-11
1168,2021-03-07
1169,2021-03-03
1170,2021-03-01
1171,2021-02-26
1172,2021-02-25
1173,2021-02-22
1174,2021-02-16
1175,2021-02-14
1176,2021-02-07
1177,2021-02-05
1178,2021-02-05
1179,2021-01-28
1180,2021-01-21
1181,2021-01-15
1182,2021-01-13
1183,2021-01-04
1184,2021-01-03
1185,2020-12-31
1186,2020-12-30
1187,2020-12-28
1188,2020-12-12
1189,2020-12-12
1190,2020-12-12
1191,2020-12-08
1192,2020-11-19
1193,2020-11-18
1194,2020-11-14
1195,2020-11-13
1196,2020-11-12
1197,2020-11-10
1198,2020-11-08
1199,2020-11-06
1200,2020-11-05
1201,2020-11-04
1202,2020-11-04
1203,2020-10-31
1204,2020-10-25
1205,2020-10-20
1206,2020-10-10
1207,2020-09-29
1208,2020-09-29
1209,2020-09-29
1210,2020-09-13
1211,2020-09-12
1212,2020-09-11
1213,2020-09-09
1214,2020-09-07
1215,2020-09-06
1216,2020-09-03
1217,2020-08-31
1218,2020-08-28
1219,2020-08-19
1220,2020-08-17
1221,2020-08-05
1222,2020-07-27
1223,2020-07-26
1224,2020-07-24
1225,2020-07-21
1226,2020-07-21
1227,2020-07-13
1228,2020-07-12
1229,2020-07-07
1230,2020-07-06
1231,2020-06-26
1232,2020-06-20
1233,2020-06-20
1234,2020-06-19
1235,2020-06-19
1236,2020-06-19
1237,2020-06-19
1238,2020-06-18
1239,2020-06-18
1240,2020-06-18
1241,2020-06-18
1242,2020-06-15
1243,2020-06-12
1244,2020-06-09
1245,2020-06-04
1246,2020-05-30
1247,2020-05-29
1248,2020-05-27
1249,2020-05-26
1250,2020-05-22
1251,2020-05-19
1252,2020-05-15
1253,2020-05-14
1254,2020-05-12
1255,2020-05-11
1256,2020-05-10
1257,2020-05-05
1258,2020-05-02
1259,2020-05-02
1260,2020-05-02
1261,2020-04-27
1262,2020-04-24
1263,2020-04-21
1264,2020-04-16
1265,2020-04-14
1266,2020-04-10
1267,2020-04-02
1268,2020-04-01
1269,2020-02-01
1270,2020-01-30
1271,2020-01-04
1272,2019-09-25
1273,2019-09-04
1274,2019-07-24
1275,2021-03-27
1276,2021-03-22
1277,2021-03-21
1278,2021-03-19
1279,2021-03-13
1280,2021-03-06
1281,2021-03-04
1282,2021-03-03
1283,2021-03-03
1284,2021-03-02
1285,2021-02-24
1286,2021-02-22
1287,2021-02-21
1288,2021-02-14
1289,2021-02-02
1290,2021-01-29
1291,2021-01-26
1292,2021-01-24
1293,2021-01-22
1294,2021-01-22
1295,2021-01-18
1296,2021-01-18
1297,2021-01-14
1298,2021-01-13
1299,2021-01-07
1300,2021-01-05
1301,2021-01-05
1302,2021-01-05
1303,2021-01-04
1304,2021-01-04
1305,2021-01-02
1306,2021-01-02
1307,2020-12-30
1308,2020-12-27
1309,2020-12-26
1310,2020-12-21
1311,2020-12-19
1312,2020-12-18
1313,2020-12-17
1314,2020-12-14
1315,2020-12-10
1316,2020-12-09
1317,2020-12-06
1318,2020-12-03
1319,2020-11-28
1320,2020-11-27
1321,2020-11-19
1322,2020-11-08
1323,2020-11-08
1324,2020-11-08
1325,2020-11-04
1326,2020-11-04
1327,2020-11-04
1328,2020-11-03
1329,2020-11-03
1330,2020-11-02
1331,2020-10-28
1332,2020-10-27
1333,2020-10-22
1334,2020-10-20
1335,2020-10-16
1336,2020-10-10
1337,2020-10-09
1338,2020-10-02
1339,2020-09-22
1340,2020-09-19
1341,2020-09-06
1342,2020-09-01
1343,2020-08-24
1344,2020-08-17
1345,2020-08-13
1346,2020-07-27
1347,2020-07-16
1348,2020-07-12
1349,2020-07-10
1350,2020-07-08
1351,2020-06-24
1352,2020-06-24
1353,2020-06-23
1354,2020-06-22
1355,2020-06-20
1356,2020-06-20
1357,2020-06-19
1358,2020-06-17
1359,2020-06-17
1360,2020-06-14
1361,2020-06-14
1362,2020-06-13
1363,2020-05-29
1364,2020-05-24
1365,2020-05-24
1366,2020-05-23
1367,2020-05-19
1368,2020-05-17
1369,2020-05-12
1370,2020-05-09
1371,2020-05-06
1372,2020-04-25
1373,2020-04-20
1374,2020-04-17
1375,2020-04-15
1376,2020-04-14
1377,2020-03-29
1378,2020-03-16
1379,2020-03-12
1380,2020-03-02
1381,2020-02-28
1382,2020-02-19
1383,2020-02-13
1384,2020-01-31
1385,2020-01-10
1386,2020-01-10
1387,2020-01-03
1388,2019-08-26
1389,2019-05-13
1390,2020-12-30
1391,2020-12-29
1392,2020-12-28
1393,2020-12-28
1394,2020-12-27
1395,2020-12-27
1396,2020-12-25
1397,2020-12-24
1398,2020-12-24
1399,2020-12-24
1400,2020-12-23
1401,2020-12-23
1402,2020-12-22
1403,2020-12-21
1404,2020-12-21
1405,2020-12-20
1406,2020-12-19
1407,2020-12-16
1408,2020-12-15
1409,2020-12-14
1410,2020-12-14
1411,2020-12-12
1412,2020-12-12
1413,2020-12-11
1414,2020-12-11
1415,2020-12-11
1416,2020-12-09
1417,2020-12-07
1418,2020-12-03
1419,2020-12-02
1420,2020-12-01
1421,2020-11-30
1422,2020-11-29
1423,2020-11-25
1424,2020-11-22
1425,2020-11-22
1426,2020-11-19
1427,2020-11-19
1428,2020-11-09
1429,2020-11-04
1430,2020-11-04
1431,2020-11-04
1432,2020-11-03
1433,2020-10-31
1434,2020-10-29
1435,2020-10-28
1436,2020-10-28
1437,2020-10-28
1438,2020-10-26
1439,2020-10-26
1440,2020-10-16
1441,2020-10-15
1442,2020-10-13
1443,2020-10-10
1444,2020-10-10
1445,2020-10-06
1446,2020-10-06
1447,2020-10-05
1448,2020-10-01
1449,2020-09-30
1450,2020-09-29
1451,2020-09-19
1452,2020-09-09
1453,2020-09-05
1454,2020-09-03
1455,2020-08-11
1456,2020-08-09
1457,2020-08-08
1458,2020-08-07
1459,2020-07-21
1460,2020-07-13
1461,2020-07-12
1462,2020-07-10
1463,2020-07-03
1464,2020-07-03
1465,2020-07-02
1466,2020-07-01
1467,2020-07-01
1468,2020-06-28
1469,2020-06-26
1470,2020-06-26
1471,2020-06-23
1472,2020-06-23
1473,2020-06-19
1474,2020-05-29
1475,2020-05-28
1476,2020-05-25
1477,2020-05-24
1478,2020-05-20
1479,2020-05-16
1480,2020-05-14
1481,2020-05-12
1482,2020-05-05
1483,2020-05-04
1484,2020-05-04
1485,2020-04-20
1486,2020-04-18
1487,2020-04-16
1488,2020-04-15
1489,2020-03-19
1490,2020-03-09
1491,2020-02-26
1492,2020-02-07
1493,2019-12-09
1494,2019-11-26
1495,2019-11-05
1496,2019-10-04
1497,2019-08-22
1498,2019-08-21
1499,2019-08-05
1500,2019-07-20
1501,2019-04-12
1502,2020-09-29
1503,2020-09-27
1504,2020-09-27
1505,2020-09-26
1506,2020-09-15
1507,2020-09-15
1508,2020-09-09
1509,2020-09-08
1510,2020-09-07
1511,2020-09-02
1512,2020-09-01
1513,2020-09-01
1514,2020-08-31
1515,2020-08-30
1516,2020-08-28
1517,2020-08-28
1518,2020-08-28
1519,2020-08-26
1520,2020-08-19
1521,2020-08-18
1522,2020-08-12
1523,2020-08-12
1524,2020-08-12
1525,2020-08-06
1526,2020-08-06
1527,2020-08-01
1528,2020-07-24
1529,2020-07-21
1530,2020-07-20
1531,2020-07-19
1532,2020-07-18
1533,2020-07-16
1534,2020-07-16
1535,2020-07-15
1536,2020-07-12
1537,2020-07-02
1538,2020-06-25
1539,2020-06-24
1540,2020-06-20
1541,2020-06-19
1542,2020-06-19
1543,2020-06-19
1544,2020-06-19
1545,2020-06-19
1546,2020-06-18
1547,2020-06-03
1548,2020-06-01
1549,2020-05-31
1550,2020-05-29
1551,2020-05-24
1552,2020-05-23
1553,2020-05-22
1554,2020-05-21
1555,2020-05-19
1556,2020-05-19
1557,2020-05-18
1558,2020-05-18
1559,2020-05-16
1560,2020-05-15
1561,2020-05-14
1562,2020-05-12
1563,2020-05-12
1564,2020-05-07
1565,2020-05-04
1566,2020-04-30
1567,2020-04-22
1568,2020-04-10
1569,2020-04-04
1570,2020-03-29
1571,2020-03-20
1572,2020-03-19
1573,2020-03-12
1574,2020-02-13
1575,2020-01-17
1576,2019-10-12
1577,2019-10-04
1578,2019-09-27
1579,2019-08-18
1580,2019-08-01
1581,2019-08-01
1582,2019-03-01
1583,2020-06-30
1584,2020-06-29
1585,2020-06-29
1586,2020-06-29
1587,2020-06-27
1588,2020-06-27
1589,2020-06-26
1590,2020-06-26
1591,2020-06-23
1592,2020-06-23
1593,2020-06-23
1594,2020-06-23
1595,2020-06-23
1596,2020-06-23
1597,2020-06-21
1598,2020-06-18
1599,2020-06-17
1600,2020-06-16
1601,2020-06-07
1602,2020-06-07
1603,2020-06-05
1604,2020-06-02
1605,2020-05-26
1606,2020-05-25
1607,2020-05-24
1608,2020-05-23
1609,2020-05-23
1610,2020-05-22
1611,2020-05-22
1612,2020-05-18
1613,2020-05-18
1614,2020-05-17
1615,2020-05-17
1616,2020-05-16
1617,2020-05-15
1618,2020-05-15
1619,2020-05-14
1620,2020-05-14
1621,2020-05-10
1622,2020-05-09
1623,2020-05-02
1624,2020-05-02
1625,2020-05-01
1626,2020-04-27
1627,2020-04-24
1628,2020-04-20
1629,2020-04-18
1630,2020-04-18
1631,2020-04-16
1632,2020-04-14
1633,2020-04-08
1634,2020-04-02
1635,2020-03-28
1636,2020-03-27
1637,2020-03-27
1638,2020-03-26
1639,2020-03-14
1640,2020-03-13
1641,2020-03-12
1642,2020-02-28
1643,2020-02-15
1644,2020-02-14
1645,2020-02-03
1646,2020-01-16
1647,2020-01-15
1648,2019-12-12
1649,2019-11-28
1650,2019-11-28
1651,2019-11-21
1652,2019-09-05
1653,2019-09-01
1654,2019-07-22
1655,2019-07-01
1656,2019-06-27
1657,2019-06-19
1658,2019-05-15
1659,2019-02-15
1660,2018-12-13
1661,2018-12-12
1662,2020-03-31
1663,2020-03-19
1664,2020-03-07
1665,2020-03-03
1666,2020-03-02
1667,2020-02-19
1668,2020-02-12
1669,2020-01-31
1670,2020-01-13
1671,2020-01-13
1672,2020-01-05
1673,2019-11-23
1674,2019-11-14
1675,2019-11-01
1676,2019-10-30
1677,2019-09-27
1678,2019-09-16
1679,2019-09-16
1680,2019-08-24
1681,2019-08-16
1682,2019-08-02
1683,2019-07-20
1684,2019-07-11
1685,2019-06-01
1686,2019-05-02
1687,2019-02-21
1688,2019-01-08
1689,2018-10-09
1690,2018-10-04
1691,2019-12-17
1692,2019-12-05
1693,2019-11-26
1694,2019-11-14
1695,2019-11-07
1696,2019-11-07
1697,2019-11-05
1698,2019-10-25
1699,2019-10-22
1700,2019-10-18
1701,2019-10-16
1702,2019-09-24
1703,2019-09-08
1704,2019-09-05
1705,2019-08-31
1706,2019-08-29
1707,2019-08-19
1708,2019-08-06
1709,2019-08-01
1710,2019-07-17
1711,2019-07-13
1712,2019-07-12
1713,2019-07-01
1714,2019-06-29
1715,2019-06-14
1716,2019-06-10
1717,2019-06-07
1718,2019-05-08
1719,2019-05-01
1720,2019-04-18
1721,2019-04-07
1722,2019-04-02
1723,2019-03-21
1724,2019-03-18
1725,2019-03-13
1726,2019-03-02
1727,2019-02-25
1728,2019-02-23
1729,2018-11-23
1730,2018-11-22
1731,2018-11-19
1732,2018-10-26
1733,2018-10-04
1734,2022-09-21
1735,2022-09-28
1736,2022-09-24
1737,2022-02-09
1738,2022-05-12
1739,2022-04-22
1740,2022-09-27
1741,2022-09-17
1742,2022-08-26
1743,2022-07-31
1744,2022-03-01
1745,2022-09-27
1746,2022-08-16
1747,2022-07-24
1748,2022-05-17
1749,2022-04-12
1750,2022-04-06
1751,2022-03-20
1752,2022-02-07
1753,2021-12-15
1754,2021-12-04
1755,2022-08-17
1756,2022-05-01
1757,2022-03-16
1758,2022-03-12
1759,2022-03-05
1760,2022-02-27
1761,2022-02-21
1762,2022-02-17
1763,2022-02-10
1764,2022-02-07
1765,2021-11-09
1766,2021-09-06
1767,2021-09-03
1768,2021-08-19
1769,2021-07-25
1770,2021-06-04
1771,2021-05-21
1772,2021-02-16
1773,2022-09-26
1774,2022-09-18
1775,2022-09-16
1776,2022-08-21
1777,2022-06-24
1778,2022-05-13
1779,2022-05-04
1780,2022-02-23
1781,2022-02-18
1782,2022-02-08
1783,2022-02-05
1784,2022-02-01
1785,2022-01-14
1786,2021-12-21
1787,2021-12-19
1788,2021-11-22
1789,2021-10-14
1790,2021-09-29
1791,2021-09-26
1792,2021-08-25
1793,2021-08-06
1794,2021-06-10
1795,2021-05-23
1796,2021-04-27
1797,2021-04-14
1798,2021-04-01
1799,2022-09-13
1800,2022-09-01
1801,2022-08-21
1802,2022-08-17
1803,2022-08-10
1804,2022-08-06
1805,2022-07-04
1806,2022-06-16
1807,2022-06-07
1808,2022-05-26
1809,2022-05-25
1810,2022-05-09
1811,2022-04-01
1812,2022-03-25
1813,2022-02-23
1814,2022-02-18
1815,2022-02-05
1816,2021-12-01
1817,2021-10-05
1818,2021-09-30
1819,2021-09-28
1820,2021-08-06
1821,2021-07-31
1822,2021-07-28
1823,2021-07-27
1824,2021-07-12
1825,2021-05-22
1826,2021-04-25
1827,2021-03-05
1828,2020-08-25
1829,2022-08-16
1830,2022-05-26
1831,2022-05-16
1832,2022-05-12
1833,2022-05-03
1834,2022-04-20
1835,2022-04-16
1836,2022-04-07
1837,2022-03-25
1838,2022-03-07
1839,2022-03-03
1840,2022-02-25
1841,2022-02-25
1842,2022-02-09
1843,2022-02-07
1844,2022-02-05
1845,2022-02-01
1846,2022-01-24
1847,2022-01-08
1848,2021-09-18
1849,2021-06-23
1850,2021-06-23
1851,2021-06-09
1852,2021-06-07
1853,2021-05-20
1854,2021-05-10
1855,2021-05-06
1856,2021-05-04
1857,2021-03-29
1858,2021-03-06
1859,2020-12-31
1860,2020-11-25
1861,2020-11-22
1862,2020-10-11
1863,2020-10-07
1864,2019-11-29
1865,2022-03-20
1866,2022-03-19
1867,2022-03-16
1868,2022-03-10
1869,2022-03-08
1870,2022-03-08
1871,2022-03-05
1872,2022-03-03
1873,2022-02-25
1874,2022-02-24
1875,2022-02-20
1876,2022-02-17
1877,2022-02-14
1878,2022-02-14
1879,2022-02-12
1880,2022-02-11
1881,2022-02-10
1882,2022-02-08
1883,2022-01-25
1884,2022-01-21
1885,2022-01-13
1886,2022-01-09
1887,2022-01-07
1888,2022-01-03
1889,2021-12-23
1890,2021-12-08
1891,2021-12-06
1892,2021-11-18
1893,2021-10-27
1894,2021-10-16
1895,2021-09-28
1896,2021-09-18
1897,2021-05-27
1898,2021-05-11
1899,2021-04-11
1900,2021-03-30
1901,2021-03-21
1902,2021-03-12
1903,2021-03-02
1904,2021-02-07
1905,2021-01-23
1906,2021-01-21
1907,2021-01-20
1908,2021-01-05
1909,2021-01-02
1910,2021-01-01
1911,2021-01-01
1912,2020-11-11
1913,2020-11-09
1914,2020-09-09
1915,2020-03-29
1916,2021-12-30
1917,2021-12-27
1918,2021-12-11
1919,2021-12-04
1920,2021-12-01
1921,2021-11-11
1922,2021-11-11
1923,2021-11-11
1924,2021-11-03
1925,2021-11-02
1926,2021-10-29
1927,2021-10-24
1928,2021-10-04
1929,2021-09-25
1930,2021-09-22
1931,2021-08-30
1932,2021-07-16
1933,2021-07-09
1934,2021-06-04
1935,2021-06-01
1936,2021-05-08
1937,2021-04-26
1938,2021-04-19
1939,2021-04-16
1940,2021-04-16
1941,2021-04-11
1942,2021-04-06
1943,2021-03-10
1944,2021-02-28
1945,2021-02-25
1946,2021-01-04
1947,2020-12-14
1948,2020-12-10
1949,2020-12-10
1950,2020-12-01
1951,2020-12-01
1952,2020-11-30
1953,2020-11-30
1954,2020-11-30
1955,2020-11-29
1956,2020-11-29
1957,2020-11-15
1958,2020-11-15
1959,2020-11-05
1960,2020-11-02
1961,2020-10-19
1962,2020-10-09
1963,2020-10-02
1964,2020-09-25
1965,2020-09-22
1966,2020-09-21
1967,2020-08-17
1968,2020-08-03
1969,2019-10-29
1970,2021-09-30
1971,2021-09-29
1972,2021-09-29
1973,2021-09-26
1974,2021-09-26
1975,2021-09-19
1976,2021-09-14
1977,2021-09-08
1978,2021-09-03
1979,2021-08-19
1980,2021-08-12
1981,2021-08-06
1982,2021-08-04
1983,2021-08-02
1984,2021-07-27
1985,2021-07-14
1986,2021-07-03
1987,2021-05-23
1988,2021-05-18
1989,2021-05-15
1990,2021-05-04
1991,2021-05-03
1992,2021-04-28
1993,2021-04-09
1994,2021-03-17
1995,2021-03-10
1996,2021-02-22
1997,2021-02-17
1998,2021-01-17
1999,2021-01-11
2000,2020-12-29
2001,2020-11-17
2002,2020-11-14
2003,2020-10-12
2004,2020-10-07
2005,2020-09-25
2006,2020-09-23
2007,2020-09-22
2008,2020-09-22
2009,2020-09-21
2010,2020-08-26
2011,2020-08-22
2012,2020-08-12
2013,2020-07-24
2014,2020-07-14
2015,2020-07-14
2016,2020-07-09
2017,2020-06-02
2018,2020-04-27
2019,2020-03-25
2020,2020-03-22
2021,2020-03-04
2022,2020-02-27
2023,2020-02-18
2024,2020-02-04
2025,2020-02-03
2026,2021-06-15
2027,2021-06-11
2028,2021-06-03
2029,2021-05-20
2030,2021-05-18
2031,2021-05-17
2032,2021-05-14
2033,2021-05-05
2034,2021-05-03
2035,2021-05-02
2036,2021-04-28
2037,2021-04-23
2038,2021-04-17
2039,2021-04-13
2040,2021-04-09
2041,2021-04-08
2042,2021-04-06
2043,2021-04-06
2044,2021-03-18
2045,2021-03-06
2046,2021-02-24
2047,2021-02-18
2048,2021-01-16
2049,2021-01-02
2050,2020-12-10
2051,2020-12-10
2052,2020-10-28
2053,2020-10-27
2054,2020-10-21
2055,2020-10-05
2056,2020-08-23
2057,2020-08-12
2058,2020-07-14
2059,2020-07-14
2060,2020-07-14
2061,2020-06-16
2062,2020-06-16
2063,2020-06-04
2064,2020-05-29
2065,2020-05-24
2066,2020-05-24
2067,2020-05-22
2068,2020-05-12
2069,2020-05-07
2070,2020-04-29
2071,2020-04-21
2072,2020-03-23
2073,2020-03-04
2074,2019-12-20
2075,2021-03-18
2076,2021-03-02
2077,2021-02-27
2078,2021-02-27
2079,2021-02-26
2080,2021-02-26
2081,2021-02-13
2082,2021-02-10
2083,2021-01-31
2084,2021-01-30
2085,2021-01-06
2086,2021-01-05
2087,2021-01-05
2088,2021-01-03
2089,2021-01-01
2090,2020-12-28
2091,2020-12-25
2092,2020-12-24
2093,2020-12-24
2094,2020-12-20
2095,2020-12-09
2096,2020-12-08
2097,2020-11-25
2098,2020-11-25
2099,2020-11-14
2100,2020-11-11
2101,2020-11-04
2102,2020-11-04
2103,2020-11-01
2104,2020-10-31
2105,2020-10-23
2106,2020-10-19
2107,2020-10-16
2108,2020-10-13
2109,2020-10-10
2110,2020-10-07
2111,2020-08-26
2112,2020-07-24
2113,2020-07-14
2114,2020-06-30
2115,2020-06-22
2116,2020-05-27
2117,2020-05-07
2118,2020-04-10
2119,2020-03-24
2120,2020-03-24
2121,2020-03-23
2122,2020-03-19
2123,2020-03-01
2124,2020-02-22
2125,2020-02-18
2126,2020-02-15
2127,2020-02-11
2128,2020-02-03
2129,2020-02-01
2130,2020-01-30
2131,2020-12-29
2132,2020-12-23
2133,2020-12-08
2134,2020-12-08
2135,2020-12-03
2136,2020-11-28
2137,2020-11-27
2138,2020-11-26
2139,2020-11-25
2140,2020-11-09
2141,2020-11-09
2142,2020-11-04
2143,2020-11-03
2144,2020-10-23
2145,2020-10-20
2146,2020-10-20
2147,2020-10-19
2148,2020-10-10
2149,2020-10-08
2150,2020-10-07
2151,2020-10-01
2152,2020-09-26
2153,2020-09-22
2154,2020-08-28
2155,2020-08-12
2156,2020-07-29
2157,2020-06-02
2158,2020-05-13
2159,2020-04-25
2160,2020-03-04
2161,2020-02-29
2162,2020-02-18
2163,2020-02-02
2164,2020-02-02
2165,2020-01-25
2166,2020-01-12
2167,2020-01-11
2168,2019-12-14
2169,2019-12-12
2170,2019-11-06
2171,2020-09-24
2172,2020-09-23
2173,2020-09-09
2174,2020-09-06
2175,2020-09-01
2176,2020-08-25
2177,2020-08-21
2178,2020-08-20
2179,2020-08-19
2180,2020-08-18
2181,2020-08-07
2182,2020-08-04
2183,2020-08-03
2184,2020-08-02
2185,2020-07-29
2186,2020-07-20
2187,2020-07-13
2188,2020-06-29
2189,2020-06-15
2190,2020-06-07
2191,2020-05-21
2192,2020-05-20
2193,2020-05-18
2194,2020-05-17
2195,2020-05-16
2196,2020-05-03
2197,2020-04-29
2198,2020-04-05
2199,2020-03-31
2200,2020-03-14
2201,2020-02-20
2202,2020-02-17
2203,2020-02-12
2204,2020-02-08
2205,2020-01-03
2206,2020-06-26
2207,2020-06-24
2208,2020-06-23
2209,2020-06-15
2210,2020-06-03
2211,2020-05-28
2212,2020-05-23
2213,2020-05-22
2214,2020-05-21
2215,2020-05-20
2216,2020-05-12
2217,2020-05-09
2218,2020-05-09
2219,2020-05-03
2220,2020-04-27
2221,2020-04-22
2222,2020-04-03
2223,2020-03-26
2224,2020-03-15
2225,2020-02-20
2226,2020-02-19
2227,2020-02-12
2228,2020-02-11
2229,2020-02-07
2230,2020-01-24
2231,2020-01-18
2232,2020-01-17
2233,2020-01-17
2234,2020-01-16
2235,2020-01-08
2236,2020-01-07
2237,2020-01-05
2238,2020-01-05
2239,2019-11-13
2240,2019-10-29
2241,2020-03-27
2242,2020-03-19
2243,2020-03-11
2244,2020-03-08
2245,2020-03-06
2246,2020-02-29
2247,2020-02-22
2248,2020-02-20
2249,2020-02-19
2250,2020-02-18
2251,2020-02-17
2252,2020-02-11
2253,2020-02-05
2254,2020-02-03
2255,2020-01-31
2256,2020-01-24
2257,2020-01-23
2258,2020-01-22
2259,2020-01-18
2260,2020-01-12
2261,2020-01-03
2262,2020-01-02
2263,2019-12-22
2264,2019-12-22
2265,2019-12-20
2266,2019-12-17
2267,2019-12-12
2268,2019-11-06
2269,2019-10-31
2270,2019-10-26
2271,2019-12-27
2272,2019-12-25
2273,2019-12-21
2274,2019-12-20
2275,2019-12-12
2276,2019-12-12
2277,2019-12-01
2278,2019-11-29
2279,2019-11-28
2280,2019-11-16
2281,2019-11-09
2282,2019-11-05
2283,2019-11-03
2284,2019-11-03
2285,2019-11-02
2286,2019-11-02
2287,2019-10-31
2288,2022-08-08
2289,2022-09-23
2290,2022-08-18
2291,2022-07-11
2292,2022-05-13
2293,2022-02-19
2294,2022-09-12
2295,2022-08-12
2296,2022-07-16
2297,2022-06-25
2298,2022-06-19
2299,2022-06-14
2300,2022-05-24
2301,2022-05-20
2302,2022-05-18
2303,2022-05-18
2304,2022-04-13
2305,2021-11-26
2306,2022-09-24
2307,2022-09-13
2308,2022-08-31
2309,2022-08-28
2310,2022-08-23
2311,2022-08-19
2312,2022-08-15
2313,2022-08-12
2314,2022-08-07
2315,2022-07-31
2316,2022-07-13
2317,2022-07-10
2318,2022-06-10
2319,2022-05-31
2320,2022-05-25
2321,2022-05-23
2322,2022-05-22
2323,2022-05-18
2324,2022-05-14
2325,2022-04-19
2326,2022-04-19
2327,2022-03-19
2328,2022-03-19
2329,2022-03-17
2330,2022-03-09
2331,2022-03-08
2332,2022-02-24
2333,2022-02-23
2334,2022-02-22
2335,2022-02-22
2336,2022-02-22
2337,2022-02-15
2338,2022-02-12
2339,2022-01-15
2340,2022-01-12
2341,2022-08-24
2342,2022-08-07
2343,2022-08-04
2344,2022-07-27
2345,2022-07-21
2346,2022-07-19
2347,2022-06-30
2348,2022-06-30
2349,2022-06-14
2350,2022-05-27
2351,2022-05-22
2352,2022-05-10
2353,2022-05-09
2354,2022-05-05
2355,2022-05-02
2356,2022-04-28
2357,2022-04-23
2358,2022-04-22
2359,2022-04-21
2360,2022-04-11
2361,2022-04-10
2362,2022-04-08
2363,2022-04-06
2364,2022-04-05
2365,2022-04-05
2366,2022-04-04
2367,2022-03-30
2368,2022-03-19
2369,2022-03-04
2370,2022-03-03
2371,2022-03-01
2372,2022-02-26
2373,2022-02-22
2374,2022-02-19
2375,2022-02-18
2376,2022-02-17
2377,2022-02-16
2378,2022-02-10
2379,2022-02-02
2380,2022-01-08
2381,2021-12-29
2382,2021-12-26
2383,2021-12-22
2384,2021-12-14
2385,2021-12-04
2386,2021-12-02
2387,2021-11-28
2388,2021-10-28
2389,2021-10-27
2390,2021-10-22
2391,2021-10-14
2392,2021-10-07
2393,2022-09-26
2394,2022-07-24
2395,2022-07-17
2396,2022-07-11
2397,2022-06-27
2398,2022-06-11
2399,2022-06-07
2400,2022-05-24
2401,2022-05-15
2402,2022-05-13
2403,2022-05-13
2404,2022-05-10
2405,2022-05-09
2406,2022-04-21
2407,2022-04-16
2408,2022-04-13
2409,2022-04-11
2410,2022-04-07
2411,2022-04-02
2412,2022-03-31
2413,2022-03-26
2414,2022-03-21
2415,2022-03-21
2416,2022-03-18
2417,2022-03-13
2418,2022-03-03
2419,2022-03-01
2420,2022-03-01
2421,2022-02-28
2422,2022-02-26
2423,2022-02-26
2424,2022-02-25
2425,2022-02-24
2426,2022-02-22
2427,2022-02-19
2428,2022-02-18
2429,2022-02-16
2430,2022-02-08
2431,2022-02-07
2432,2022-02-07
2433,2022-02-07
2434,2022-02-04
2435,2022-02-01
2436,2022-01-31
2437,2022-01-31
2438,2022-01-27
2439,2022-01-21
2440,2022-01-20
2441,2022-01-13
2442,2022-01-12
2443,2022-01-12
2444,2022-01-12
2445,2022-01-10
2446,2022-01-09
2447,2022-01-09
2448,2022-01-06
2449,2022-01-05
2450,2021-12-13
2451,2021-11-25
2452,2021-11-24
2453,2021-11-23
2454,2021-11-14
2455,2021-10-17
2456,2022-09-06
2457,2022-08-23
2458,2022-08-16
2459,2022-07-27
2460,2022-07-21
2461,2022-07-15
2462,2022-07-13
2463,2022-06-20
2464,2022-06-13
2465,2022-06-07
2466,2022-06-07
2467,2022-05-31
2468,2022-05-22
2469,2022-05-17
2470,2022-05-10
2471,2022-05-03
2472,2022-04-15
2473,2022-04-14
2474,2022-03-30
2475,2022-03-07
2476,2022-03-02
2477,2022-02-27
2478,2022-02-26
2479,2022-02-25
2480,2022-02-22
2481,2022-02-07
2482,2022-01-27
2483,2022-01-12
2484,2022-01-09
2485,2021-12-26
2486,2021-12-24
2487,2021-12-18
2488,2021-12-14
2489,2021-12-14
2490,2021-12-11
2491,2021-12-04
2492,2021-11-30
2493,2021-11-27
2494,2021-11-24
2495,2021-11-24
2496,2021-11-11
2497,2021-10-14
2498,2021-10-08
2499,2021-10-07
2500,2022-09-28
2501,2022-09-26
2502,2022-09-19
2503,2022-09-18
2504,2022-09-05
2505,2022-09-05
2506,2022-08-27
2507,2022-08-22
2508,2022-08-17
2509,2022-08-12
2510,2022-08-12
2511,2022-08-10
2512,2022-08-08
2513,2022-08-05
2514,2022-08-01
2515,2022-07-29
2516,2022-07-25
2517,2022-07-25
2518,2022-07-23
2519,2022-07-13
2520,2022-07-10
2521,2022-07-10
2522,2022-07-01
2523,2022-06-20
2524,2022-06-14
2525,2022-06-13
2526,2022-06-10
2527,2022-06-04
2528,2022-06-03
2529,2022-06-02
2530,2022-06-02
2531,2022-06-02
2532,2022-05-18
2533,2022-05-14
2534,2022-05-13
2535,2022-05-13
2536,2022-05-11
2537,2022-05-10
2538,2022-05-10
2539,2022-04-27
2540,2022-04-26
2541,2022-04-11
2542,2022-04-05
2543,2022-04-04
2544,2022-03-31
2545,2022-03-28
2546,2022-03-16
2547,2022-03-14
2548,2022-03-12
2549,2022-03-07
2550,2022-03-06
2551,2022-03-05
2552,2022-03-03
2553,2022-03-03
2554,2022-02-22
2555,2022-02-20
2556,2022-02-19
2557,2022-02-06
2558,2022-01-22
2559,2022-01-20
2560,2022-01-20
2561,2022-01-14
2562,2021-11-13
2563,2021-11-09
2564,2021-10-31
2565,2021-10-28
2566,2021-10-27
2567,2021-10-23
2568,2021-10-16
2569,2021-10-08
2570,2022-06-12
2571,2022-06-08
2572,2022-06-08
2573,2022-06-07
2574,2022-06-01
2575,2022-05-28
2576,2022-05-23
2577,2022-05-16
2578,2022-05-16
2579,2022-05-08
2580,2022-05-04
2581,2022-05-02
2582,2022-04-29
2583,2022-04-28
2584,2022-04-27
2585,2022-04-18
2586,2022-04-18
2587,2022-04-18
2588,2022-04-16
2589,2022-04-14
2590,2022-04-09
2591,2022-04-04
2592,2022-04-01
2593,2022-03-30
2594,2022-03-27
2595,2022-03-21
2596,2022-03-18
2597,2022-03-05
2598,2022-03-04
2599,2022-03-03
2600,2022-03-03
2601,2022-03-02
2602,2022-03-01
2603,2022-02-27
2604,2022-02-22
2605,2022-02-07
2606,2022-02-03
2607,2022-01-28
2608,2022-01-27
2609,2022-01-22
2610,2022-01-08
2611,2022-01-07
2612,2022-01-02
2613,2022-01-02
2614,2021-12-19
2615,2021-12-18
2616,2021-12-14
2617,2021-11-22
2618,2021-11-10
2619,2021-11-04
2620,2021-11-01
2621,2021-10-31
2622,2021-10-27
2623,2021-10-22
2624,2021-10-20
2625,2021-10-14
2626,2021-10-10
2627,2022-06-26
2628,2022-03-28
2629,2022-03-25
2630,2022-03-20
2631,2022-03-18
2632,2022-03-18
2633,2022-03-13
2634,2022-02-25
2635,2022-02-25
2636,2022-02-24
2637,2022-02-22
2638,2022-02-16
2639,2022-02-15
2640,2022-02-15
2641,2022-02-12
2642,2022-02-11
2643,2022-02-10
2644,2022-02-04
2645,2022-02-01
2646,2022-01-31
2647,2022-01-27
2648,2022-01-26
2649,2022-01-24
2650,2022-01-23
2651,2022-01-23
2652,2022-01-23
2653,2022-01-21
2654,2022-01-21
2655,2022-01-12
2656,2022-01-12
2657,2022-01-05
2658,2022-01-03
2659,2022-01-02
2660,2022-01-01
2661,2022-01-01
2662,2021-12-27
2663,2021-12-26
2664,2021-12-21
2665,2021-12-20
2666,2021-12-19
2667,2021-12-19
2668,2021-12-13
2669,2021-12-07
2670,2021-12-07
2671,2021-12-01
2672,2021-11-16
2673,2021-11-15
2674,2021-11-06
2675,2021-10-29
2676,2021-10-28
2677,2021-10-28
2678,2021-10-26
2679,2021-10-15
2680,2021-10-08
2681,2021-12-28
2682,2021-12-26
2683,2021-12-19
2684,2021-12-12
2685,2021-12-12
2686,2021-12-11
2687,2021-12-10
2688,2021-12-08
2689,2021-12-06
2690,2021-12-04
2691,2021-12-01
2692,2021-11-30
2693,2021-11-29
2694,2021-11-25
2695,2021-11-24
2696,2021-11-22
2697,2021-11-15
2698,2021-11-11
2699,2021-11-06
2700,2021-10-30
2701,2021-10-30
2702,2021-10-27
2703,2021-10-25
2704,2021-10-24
2705,2021-10-18
2706,2021-10-16
2707,2021-10-07
